create database if not exists sql7720700;
use sql7720700;
CREATE TABLE IF NOT EXISTS Patrons (
	FirstName	TEXT,
	LastName	TEXT,
	Email	TEXT,
	PatronID	INTEGER,
	PRIMARY KEY(PatronID)
);
CREATE TABLE IF NOT EXISTS Books (
	BookID	INTEGER NOT NULL,
	Title	TEXT,
	Author	TEXT,
	Published	INTEGER,
	Barcode	bigint UNIQUE,
	PRIMARY KEY(BookID)
);
CREATE TABLE IF NOT EXISTS Loans (
	LoanID	INTEGER,
	BookID	INTEGER,
	PatronID	INTEGER,
	LoanDate	TEXT,
	DueDate	TEXT,
	ReturnedDate	TEXT,
	PRIMARY KEY(LoanID)
);
INSERT INTO Patrons (FirstName,LastName,Email,PatronID) VALUES ('Maggi','Domney','mdomney0@wisdompets.com',1),
 ('Javier','Dawks','jdawks1@red30design.com',2),
 ('Aleen','Fasey','afasey2@kinetecoinc.com',3),
 ('Taylor','Jenkins','tjenkins@rouxacademy.org',4),
 ('Imogen','Kabsch','ikabsch@landonhotel.com',5),
 ('Don','Weingarten','dweingarten@kinetecoinc.com',6),
 ('Cammi','Kynett','ckynett6@orangevalleycaa.org',7),
 ('Steffie','Kleis','skleis7@wisdompets.com',8),
 ('Carilyn','Calver','ccalver8@samoca.org',9),
 ('Barbara-anne','Sweet','bsweet9@samoca.org',10),
 ('Faina','Nelles','fnellesa@red30design.com',11),
 ('Orton','Stavers','ostaversb@orangevalleycaa.org',12),
 ('Jobina','McKern','jmckernc@rouxacademy.org',13),
 ('Paco','Yarranton','pyarrantond@rouxacademy.org',14),
 ('Chance','Todeo','ctodeoe@wisdompets.com',15),
 ('Carla','Swinfen','cswinfenf@kinetecoinc.com',16),
 ('Lani','Over','loverg@wisdompets.com',17),
 ('Anthe','Dinjes','adinjesh@samoca.org',18),
 ('Amby','Harber','aharberi@hplussport.com',19),
 ('Jacinta','Vallis','jvallisj@kinetecoinc.com',20),
 ('Henri','Pughe','hpughek@orangevalleycaa.org',21),
 ('Cassandre','Wragg','cwraggl@landonhotel.com',22),
 ('Amory','Bunyard','abunyardm@samoca.org',23),
 ('Carny','Scamp','cscampn@wisdompets.com',24),
 ('Paulie','Kinvig','pkinvigo@hplussport.com',25),
 ('Taylor','Jenkins','tjenkins@redt30design.com',26),
 ('Yves','Dell''Abbate','ydellabbateq@rouxacademy.org',27),
 ('Culley','Cawood','ccawoodr@samoca.org',28),
 ('Herby','Aspinal','haspinals@red30design.com',29),
 ('Emlyn','Attwool','eattwoolt@hplussport.com',30),
 ('Osgood','Saunter','osaunteru@red30design.com',31),
 ('Demetri','Iacobacci','diacobacciv@landonhotel.com',32),
 ('Eloisa','Forster','eforsterw@wisdompets.com',33),
 ('Carlin','Casterou','ccasteroux@landonhotel.com',34),
 ('Luciano','Winton','lwintony@hplussport.com',35),
 ('Allyson','Jira','ajiraz@wisdompets.com',36),
 ('Jillane','Livingstone','jlivingstone10@wisdompets.com',37),
 ('Christyna','McGilroy','cmcgilroy11@landonhotel.com',38),
 ('Oralla','Dayer','odayer12@samoca.org',39),
 ('Angelique','Farnham','afarnham13@wisdompets.com',40),
 ('Lowrance','Gratton','lgratton14@hplussport.com',41),
 ('Cleo','Goldwater','cgoldwater15@landonhotel.com',42),
 ('Menard','Pitone','mpitone16@red30design.com',43),
 ('Davy','Neely','dneely17@hplussport.com',44),
 ('Zechariah','Deniske','zdeniske18@kinetecoinc.com',45),
 ('Serge','Pethrick','spethrick19@rouxacademy.org',46),
 ('Lydie','Awmack','lawmack1a@samoca.org',47),
 ('Clementia','Furminger','cfurminger1b@kinetecoinc.com',48),
 ('Cathryn','Beau','cbeau1c@wisdompets.com',49),
 ('Jack','Vaan','jvaan@wisdompets.com',50),
 ('Romeo','Annett','rannett1e@samoca.org',51),
 ('Arlen','O''Fihillie','aofihillie1f@wisdompets.com',52),
 ('Perceval','Redpath','predpath1g@rouxacademy.org',53),
 ('Ive','Iles','iiles1h@samoca.org',54),
 ('Robbert','Walkowski','rwalkowski1i@kinetecoinc.com',55),
 ('Hagen','Itzhayek','hitzhayek1j@landonhotel.com',56),
 ('Kahaleel','Keaton','kkeaton1k@kinetecoinc.com',57),
 ('Purcell','Llop','pllop1l@hplussport.com',58),
 ('Cornelia','Koppe','ckoppe1m@landonhotel.com',59),
 ('Olympia','Sansun','osansun1n@wisdompets.com',60),
 ('Rubia','Fitzsymon','rfitzsymon1o@red30design.com',61),
 ('Tybie','Balme','tbalme1p@orangevalleycaa.org',62),
 ('Forest','Dubock','fdubock1q@red30design.com',63),
 ('Norby','Sleight','nsleight1r@kinetecoinc.com',64),
 ('Hayyim','Rossander','hrossander1s@wisdompets.com',65),
 ('Gilbert','Dupoy','gdupoy1t@rouxacademy.org',66),
 ('Whitney','Lamberts','wlamberts1u@red30design.com',67),
 ('Anastasie','Ferguson','aferguson1v@landonhotel.com',68),
 ('Alaster','Ruggles','aruggles1w@red30design.com',69),
 ('Loretta','Hundey','lhundey1x@kinetecoinc.com',70),
 ('Winnah','D''Elia','wdelia1y@red30design.com',71),
 ('Trip','Pond','tpond1z@wisdompets.com',72),
 ('Merle','Sukbhans','msukbhans20@orangevalleycaa.org',73),
 ('Giraldo','Algar','galgar21@kinetecoinc.com',74),
 ('Bevvy','Harrowsmith','bharrowsmith22@red30design.com',75),
 ('Dyanna','Fulger','dfulger23@red30design.com',76),
 ('Viola','McLarnon','vmclarnon24@orangevalleycaa.org',77),
 ('Dorella','Linbohm','dlinbohm25@rouxacademy.org',78),
 ('Winslow','Klass','wklass26@kinetecoinc.com',79),
 ('Francisca','Cranmor','fcranmor27@wisdompets.com',80),
 ('Gustave','Alphonso','galphonso28@wisdompets.com',81),
 ('Jacquette','Spillard','jspillard29@red30design.com',82),
 ('Caril','Matejic','cmatejic2a@orangevalleycaa.org',83),
 ('Sianna','Drewell','sdrewell2b@kinetecoinc.com',84),
 ('Sonnie','MatticcI','smatticci2c@rouxacademy.org',85),
 ('Brandais','Jeannaud','bjeannaud2d@hplussport.com',86),
 ('Junie','MacRury','jmacrury2e@wisdompets.com',87),
 ('Gus','Holyland','gholyland2f@red30design.com',88),
 ('Ab','Jurn','ajurn2g@samoca.org',89),
 ('Elmo','Ockland','eockland2h@landonhotel.com',90),
 ('Iver','Palke','ipalke2i@rouxacademy.org',91),
 ('Asher','Tapley','atapley2j@kinetecoinc.com',92),
 ('Joel','Baignard','jbaignard2k@orangevalleycaa.org',93),
 ('Curr','Fittall','cfittall2l@orangevalleycaa.org',94),
 ('Lelah','Seathwright','lseathwright2m@samoca.org',95),
 ('Melantha','Scowcroft','mscowcroft2n@kinetecoinc.com',96),
 ('Herb','McParland','hmcparland2o@rouxacademy.org',97),
 ('Clem','Durdy','cdurdy2p@hplussport.com',98),
 ('Kala','Simonian','ksimonian2q@landonhotel.com',99),
 ('Blythe','Leggan','bleggan2r@rouxacademy.org',100);
 
INSERT INTO Books (BookID,Title,Author,Published,Barcode) VALUES (1,'Walden, and On The Duty Of Civil Disobedience','Henry David Thoreau',1849,3100471153),
 (2,'The Scarlet Letter','Nathaniel Hawthorne',1850,4589408958),
 (3,'The Adventures of Sherlock Holmes','Arthur Conan Doyle',1892,2411676280),
 (4,'The Adventures of Tom Sawyer','Mark Twain',1876,7813216705),
 (5,'David Copperfield','Charles Dickens',1850,8821265677),
 (6,'A Modest Proposal','Jonathan Swift',1729,9675136364),
 (7,'The Sign of the Four','Arthur Conan Doyle',1890,9615072124),
 (8,'The Importance of Being Earnest: A Trivial Comedy for Serious People','Oscar Wilde',1895,4733732465),
 (9,'Uncle Tom''s Cabin','Harriet Beecher Stowe',1852,1874764443),
 (10,'The Count of Monte Cristo','Alexandre Dumas',1884,1799238621),
 (11,'The Picture of Dorian Gray','Oscar Wilde',1890,2855934983),
 (12,'Dracula','Bram Stoker',1897,8232533734),
 (13,'Oliver Twist','Charles Dickens',1839,3071366111),
 (14,'The Awakening, and Selected Short Stories','Kate Chopin',1899,3103139173),
 (15,'The Time Machine','H. G. Wells',1895,9610930110),
 (16,'Ulysses','James Joyce',1922,1472300125),
 (17,'Les Misérables','Victor Hugo',1895,8252831254),
 (18,'The Jungle Book','Rudyard Kipling',1894,3655763446),
 (19,'Heart of Darkness','Joseph Conrad',1899,9334362486),
 (20,'Treasure Island','Robert Louis Stevenson',1883,8563911061),
 (21,'The Prince','Niccolò Machiavelli',1532,2656649474),
 (22,'Adventures of Huckleberry Finn','Mark Twain',1884,8537695057),
 (23,'Great Expectations','Charles Dickens',1861,5314419343),
 (24,'Candide','Voltaire',1759,1026835475),
 (25,'The Life and Adventures of Robinson Crusoe','Daniel Defoe',1791,7614272194),
 (26,'The Adventures of Sherlock Holmes','Arthur Conan Doyle',1892,6117891368),
 (27,'Wuthering Heights','Emily Brontë',1847,9622357787),
 (28,'Heart of Darkness','Joseph Conrad',1899,2229312049),
 (29,'A Modest Proposal','Jonathan Swift',1729,3056621645),
 (30,'On the origin of species','Charles Darwin',1859,6010636156),
 (31,'Gulliver''s Travels into Several Remote Nations of the World','Jonathan Swift',1726,4649890037),
 (32,'The Wonderful Wizard of Oz','L. Frank Baum',1900,9402443064),
 (33,'Peter Pan','J. M. Barrie',1911,2793883256),
 (34,'The Tale of Peter Rabbit','Beatrix Potter',1901,5748337449),
 (35,'The Brothers Karamazov','Fyodor Dostoyevsky',1880,1218723292),
 (36,'Great Expectations','Charles Dickens',1861,9050209500),
 (37,'A Doll''s House','Henrik Ibsen',1879,3039350069),
 (38,'Dubliners','James Joyce',1914,6886459965),
 (39,'The Adventures of Tom Sawyer','Mark Twain',1876,1493041269),
 (40,'Three Men in a Boat (To Say Nothing of the Dog)','Jerome K. Jerome',1889,4746758842),
 (41,'The Scarlet Letter','Nathaniel Hawthorne',1850,8329029559),
 (42,'The Prince','Niccolò Machiavelli',1532,6151512619),
 (43,'The Yellow Wallpaper','Charlotte Perkins Gilman',1892,7476179474),
 (44,'Pygmalion','Bernard Shaw',1913,6340638269),
 (45,'The Secret Garden','Frances Hodgson Burnett',1911,9948565822),
 (46,'Sense and Sensibility','Jane Austen',1811,5677520613),
 (47,'Anne of Green Gables','L. M. Montgomery',1908,5419570516),
 (48,'The Hound of the Baskervilles','Arthur Conan Doyle',1902,7367316687),
 (49,'Alice''s Adventures in Wonderland','Lewis Carroll',1865,9617441017),
 (50,'Jane Eyre: An Autobiography','Charlotte Brontë',1847,3641717422),
 (51,'Dubliners','James Joyce',1914,9924891502),
 (52,'David Copperfield','Charles Dickens',1850,6705736665),
 (53,'Uncle Tom''s Cabin','Harriet Beecher Stowe',1852,7816127580),
 (54,'The Yellow Wallpaper','Charlotte Perkins Gilman',1892,2503974912),
 (55,'An Occurrence at Owl Creek Bridge','Ambrose Bierce',1890,6432246701),
 (56,'The Picture of Dorian Gray','Oscar Wilde',1890,5057915174),
 (57,'The Brothers Karamazov','Fyodor Dostoyevsky',1880,1591595018),
 (58,'Grimms'' Fairy Tales','Jacob Grimm and Wilhelm Grimm',1858,9481016995),
 (59,'The War of the Worlds','H. G. Wells',1898,7360406327),
 (60,'Dracula','Bram Stoker',1897,4274716715),
 (61,'The Call of the Wild','Jack London',1905,5092202901),
 (62,'Oliver Twist','Charles Dickens',1839,9103557294),
 (63,'Treasure Island','Robert Louis Stevenson',1883,9985114885),
 (64,'A Study in Scarlet','Arthur Conan Doyle',1887,6146781316),
 (65,'The Scarlet Letter','Nathaniel Hawthorne',1850,7064200431),
 (66,'The Count of Monte Cristo','Alexandre Dumas',1884,3303490694),
 (67,'Les Misérables','Victor Hugo',1895,6502926567),
 (68,'The Count of Monte Cristo','Alexandre Dumas',1884,1750433521),
 (69,'Siddhartha','Hermann Hesse',1922,4524773001),
 (70,'Also sprach Zarathustra','Friedrich Wilhelm Nietzsche',1896,8233453745),
 (71,'A Tale of Two Cities','Charles Dickens',1859,4966189808),
 (72,'The Yellow Wallpaper','Charlotte Perkins Gilman',1892,8015869193),
 (73,'Dracula','Bram Stoker',1897,8730298424),
 (74,'The Strange Case of Dr. Jekyll and Mr. Hyde','Robert Louis Stevenson',1886,5456105629),
 (75,'Moby Dick; Or, The Whale','Herman Melville',1851,3254901352),
 (76,'Jane Eyre: An Autobiography','Charlotte Brontë',1847,7490708197),
 (77,'The Prophet','Kahlil Gibran',1923,5516789160),
 (78,'The Prophet','Kahlil Gibran',1923,9731317241),
 (79,'A Study in Scarlet','Arthur Conan Doyle',1887,4735557481),
 (80,'Jane Eyre: An Autobiography','Charlotte Brontë',1847,5181168830),
 (81,'Grimms'' Fairy Tales','Jacob Grimm and Wilhelm Grimm',1858,2956935227),
 (82,'Sense and Sensibility','Jane Austen',1811,3382858636),
 (83,'Emma','Jane Austen',1815,3338413705),
 (84,'Tractatus Logico-Philosophicus','Ludwig Wittgenstein',1921,7953286250),
 (85,'Pygmalion','Bernard Shaw',1913,3028132298),
 (86,'Siddhartha','Hermann Hesse',1922,9816358488),
 (87,'Frankenstein; Or, The Modern Prometheus','Mary Wollstonecraft Shelley',1818,5100740849),
 (88,'Ulysses','James Joyce',1922,9050461909),
 (89,'Walden, and On The Duty Of Civil Disobedience','Henry David Thoreau',1849,1250001073),
 (90,'The Jungle','Upton Sinclair',1906,9012348841),
 (91,'The Importance of Being Earnest: A Trivial Comedy for Serious People','Oscar Wilde',1895,9067533454),
 (92,'Alice''s Adventures in Wonderland','Lewis Carroll',1865,8015835428),
 (93,'Great Expectations','Charles Dickens',1861,4043822646),
 (94,'Walden, and On The Duty Of Civil Disobedience','Henry David Thoreau',1849,8026944492),
 (95,'Also sprach Zarathustra','Friedrich Wilhelm Nietzsche',1896,7133340991),
 (96,'A Study in Scarlet','Arthur Conan Doyle',1887,3312061309),
 (97,'The Life and Adventures of Robinson Crusoe','Daniel Defoe',1791,8830076797),
 (98,'An Occurrence at Owl Creek Bridge','Ambrose Bierce',1890,6854696214),
 (99,'Little Women','Louisa May Alcott',1869,3945560004),
 (100,'The Jungle Book','Rudyard Kipling',1894,9443427576),
 (101,'Anna Karenina','graf Leo Tolstoy',1878,8754465846),
 (102,'Hard Times','Charles Dickens',1854,6674338548),
 (103,'Moby Dick; Or, The Whale','Herman Melville',1851,6616753388),
 (104,'On the origin of species','Charles Darwin',1859,9362177222),
 (105,'The Turn of the Screw','Henry James',1898,6435968624),
 (106,'Wuthering Heights','Emily Brontë',1847,4592191348),
 (107,'Little Women','Louisa May Alcott',1869,1965826731),
 (108,'Pascal''s Pensées','Blaise Pascal',1670,5350687892),
 (109,'Emma','Jane Austen',1815,6733484219),
 (110,'The Strange Case of Dr. Jekyll and Mr. Hyde','Robert Louis Stevenson',1886,6219262708),
 (111,'The Decameron of Giovanni Boccaccio','Giovanni Boccaccio',1375,2485650954),
 (112,'The War of the Worlds','H. G. Wells',1898,7919408621),
 (113,'On the origin of species','Charles Darwin',1859,3102441408),
 (114,'The Wonderful Wizard of Oz','L. Frank Baum',1900,9562452329),
 (115,'Hard Times','Charles Dickens',1854,3242500932),
 (116,'The Brothers Karamazov','Fyodor Dostoyevsky',1880,3310765031),
 (117,'The Time Machine','H. G. Wells',1895,7267049081),
 (118,'Adventures of Huckleberry Finn','Mark Twain',1884,5259319712),
 (119,'The Tale of Peter Rabbit','Beatrix Potter',1901,2755886014),
 (120,'Dubliners','James Joyce',1914,3639380140),
 (121,'The Mysterious Affair at Styles','Agatha Christie',1920,9303804404),
 (122,'Metamorphosis','Franz Kafka',1915,7205341627),
 (123,'The Mysterious Affair at Styles','Agatha Christie',1920,7280027397),
 (124,'The Adventures of Sherlock Holmes','Arthur Conan Doyle',1892,7776442868),
 (125,'Candide','Voltaire',1759,6478624379),
 (126,'The Awakening, and Selected Short Stories','Kate Chopin',1899,9895378062),
 (127,'David Copperfield','Charles Dickens',1850,8525488511),
 (128,'The Picture of Dorian Gray','Oscar Wilde',1890,3664785630),
 (129,'Also sprach Zarathustra','Friedrich Wilhelm Nietzsche',1896,8880867275),
 (130,'Peter Pan','J. M. Barrie',1911,5135424406),
 (131,'War and Peace','graf Leo Tolstoy',1869,9585335549),
 (132,'War and Peace','graf Leo Tolstoy',1869,5605187849),
 (133,'Treasure Island','Robert Louis Stevenson',1883,2952281573),
 (134,'The Sign of the Four','Arthur Conan Doyle',1890,9535295098),
 (135,'A Tale of Two Cities','Charles Dickens',1859,8996747227),
 (136,'The Wonderful Wizard of Oz','L. Frank Baum',1900,1471501105),
 (137,'Alice''s Adventures in Wonderland','Lewis Carroll',1865,3946912387),
 (138,'The Sign of the Four','Arthur Conan Doyle',1890,6652171593),
 (139,'Peter Pan','J. M. Barrie',1911,2588073202),
 (140,'Gulliver''s Travels into Several Remote Nations of the World','Jonathan Swift',1726,8923446356),
 (141,'Three Men in a Boat (To Say Nothing of the Dog)','Jerome K. Jerome',1889,6572731534),
 (142,'The Decameron of Giovanni Boccaccio','Giovanni Boccaccio',1375,3609260747),
 (143,'Gulliver''s Travels into Several Remote Nations of the World','Jonathan Swift',1726,5394770992),
 (144,'Pride and Prejudice','Jane Austen',1813,9131059093),
 (145,'Oliver Twist','Charles Dickens',1839,6444030057),
 (146,'Metamorphosis','Franz Kafka',1915,6978078350),
 (147,'The Adventures of Tom Sawyer','Mark Twain',1876,4750599556),
 (148,'War and Peace','graf Leo Tolstoy',1869,9348938616),
 (149,'The Importance of Being Earnest: A Trivial Comedy for Serious People','Oscar Wilde',1895,2054382275),
 (150,'The Secret Garden','Frances Hodgson Burnett',1911,2438574546),
 (151,'Second Treatise of Government','John Locke',1689,6979338785),
 (152,'Anne of Green Gables','L. M. Montgomery',1908,4550745199),
 (153,'Frankenstein; Or, The Modern Prometheus','Mary Wollstonecraft Shelley',1818,8839302214),
 (154,'An Occurrence at Owl Creek Bridge','Ambrose Bierce',1890,8301235528),
 (155,'The Prophet','Kahlil Gibran',1923,9013040583),
 (156,'The Life and Adventures of Robinson Crusoe','Daniel Defoe',1791,3650881744),
 (157,'Les Misérables','Victor Hugo',1895,9108696047),
 (158,'Moby Dick; Or, The Whale','Herman Melville',1851,8158837759),
 (159,'Three Men in a Boat (To Say Nothing of the Dog)','Jerome K. Jerome',1889,3293874630),
 (160,'The War of the Worlds','H. G. Wells',1898,4474735051),
 (161,'The Prince','Niccolò Machiavelli',1532,9323491902),
 (162,'Pride and Prejudice','Jane Austen',1813,8156410777),
 (163,'The Mysterious Affair at Styles','Agatha Christie',1920,3833130645),
 (164,'The Hound of the Baskervilles','Arthur Conan Doyle',1902,7500891493),
 (165,'The Turn of the Screw','Henry James',1898,2119519594),
 (166,'The Strange Case of Dr. Jekyll and Mr. Hyde','Robert Louis Stevenson',1886,1388191607),
 (167,'Anne of Green Gables','L. M. Montgomery',1908,6951820908),
 (168,'Pascal''s Pensées','Blaise Pascal',1670,1688834109),
 (169,'Second Treatise of Government','John Locke',1689,5647388501),
 (170,'A Tale of Two Cities','Charles Dickens',1859,1396589796),
 (171,'The Call of the Wild','Jack London',1905,7523202583),
 (172,'Uncle Tom''s Cabin','Harriet Beecher Stowe',1852,1944291114),
 (173,'Wuthering Heights','Emily Brontë',1847,2847748801),
 (174,'A Modest Proposal','Jonathan Swift',1729,7708090276),
 (175,'The Time Machine','H. G. Wells',1895,1291355714),
 (176,'The Jungle','Upton Sinclair',1906,2932680848),
 (177,'The Call of the Wild','Jack London',1905,3119888447),
 (178,'The Secret Garden','Frances Hodgson Burnett',1911,8157982611),
 (179,'Anna Karenina','graf Leo Tolstoy',1878,3570685469),
 (180,'Frankenstein; Or, The Modern Prometheus','Mary Wollstonecraft Shelley',1818,5880488254),
 (181,'Sense and Sensibility','Jane Austen',1811,7712942206),
 (182,'Grimms'' Fairy Tales','Jacob Grimm and Wilhelm Grimm',1858,7433732302),
 (183,'Little Women','Louisa May Alcott',1869,3806008380),
 (184,'Ulysses','James Joyce',1922,7973290433),
 (185,'Don Quixote','Miguel de Cervantes Saavedra',1605,3037774000),
 (186,'Pride and Prejudice','Jane Austen',1813,9229256777),
 (187,'Don Quixote','Miguel de Cervantes Saavedra',1605,3750235511),
 (188,'Tractatus Logico-Philosophicus','Ludwig Wittgenstein',1921,3733674722),
 (189,'The Jungle Book','Rudyard Kipling',1894,2183505735),
 (190,'Adventures of Huckleberry Finn','Mark Twain',1884,3766010638),
 (191,'Emma','Jane Austen',1815,5913123586),
 (192,'The Turn of the Screw','Henry James',1898,9586004168),
 (193,'Candide','Voltaire',1759,9718482110),
 (194,'The Tale of Peter Rabbit','Beatrix Potter',1901,5705857485),
 (195,'Metamorphosis','Franz Kafka',1915,8949930384),
 (196,'The Awakening, and Selected Short Stories','Kate Chopin',1899,5859811018),
 (197,'Hard Times','Charles Dickens',1854,6616502217),
 (198,'A Doll''s House','Henrik Ibsen',1879,6227932647),
 (199,'Anna Karenina','graf Leo Tolstoy',1878,6318181860),
 (200,'A Doll''s House','Henrik Ibsen',1879,2719805876);
 
INSERT INTO Loans (LoanID,BookID,PatronID,LoanDate,DueDate,ReturnedDate) VALUES (1,165,49,'2016-06-01','2016-06-15','2016-06-15'),
 (2,123,100,'2016-06-01','2016-06-15','2016-06-15'),
 (3,94,79,'2016-06-02','2016-06-16','2016-06-16'),
 (4,25,97,'2016-06-03','2016-06-17','2016-06-17'),
 (5,104,27,'2016-06-03','2016-06-17','2016-06-17'),
 (6,74,34,'2016-06-04','2016-06-18','2016-06-18'),
 (7,79,37,'2016-06-05','2016-06-19','2016-06-19'),
 (8,3,4,'2016-06-05','2016-06-19','2016-06-19'),
 (9,133,56,'2016-06-05','2016-06-19','2016-06-19'),
 (10,64,36,'2016-06-06','2016-06-20','2016-06-20'),
 (11,161,83,'2016-06-06','2016-06-20','2016-06-20'),
 (12,4,14,'2016-06-07','2016-06-21','2016-06-21'),
 (13,11,90,'2016-06-07','2016-06-21','2016-06-21'),
 (14,51,9,'2016-06-08','2016-06-22','2016-06-22'),
 (15,196,31,'2016-06-09','2016-06-23','2016-06-23'),
 (16,11,57,'2016-06-09','2016-06-23','2016-06-23'),
 (17,93,59,'2016-06-10','2016-06-24','2016-06-24'),
 (18,99,91,'2016-06-12','2016-06-26','2016-06-26'),
 (19,200,5,'2016-06-12','2016-06-26','2016-06-26'),
 (20,122,36,'2016-06-13','2016-06-27','2016-06-27'),
 (21,25,29,'2016-06-13','2016-06-27','2016-06-27'),
 (22,99,6,'2016-06-14','2016-06-28','2016-06-28'),
 (23,111,14,'2016-06-14','2016-06-28','2016-06-28'),
 (24,61,42,'2016-06-15','2016-06-29','2016-06-29'),
 (25,87,34,'2016-06-15','2016-06-29','2016-06-29'),
 (26,176,76,'2016-06-15','2016-06-29','2016-06-29'),
 (27,11,98,'2016-06-16','2016-06-30','2016-06-30'),
 (28,41,46,'2016-06-17','2016-07-01','2016-07-01'),
 (29,45,43,'2016-06-18','2016-07-02','2016-07-02'),
 (30,67,60,'2016-06-19','2016-07-03','2016-07-03'),
 (31,100,22,'2016-06-20','2016-07-04','2016-07-04'),
 (32,160,11,'2016-06-23','2016-07-07','2016-07-07'),
 (33,33,44,'2016-06-23','2016-07-07','2016-07-07'),
 (34,89,9,'2016-06-25','2016-07-09','2016-07-09'),
 (35,35,49,'2016-06-25','2016-07-09','2016-07-09'),
 (36,43,40,'2016-06-25','2016-07-09','2016-07-09'),
 (37,83,29,'2016-06-26','2016-07-10','2016-07-10'),
 (38,173,1,'2016-06-26','2016-07-10','2016-07-10'),
 (39,63,65,'2016-06-27','2016-07-11','2016-07-11'),
 (40,147,49,'2016-06-29','2016-07-13','2016-07-13'),
 (41,148,14,'2016-06-29','2016-07-13','2016-07-13'),
 (42,169,72,'2016-06-30','2016-07-14','2016-07-14'),
 (43,173,93,'2016-07-01','2016-07-15','2016-07-15'),
 (44,190,41,'2016-07-01','2016-07-15','2016-07-15'),
 (45,142,56,'2016-07-01','2016-07-15','2016-07-15'),
 (46,189,79,'2016-07-02','2016-07-16','2016-07-16'),
 (47,108,67,'2016-07-03','2016-07-17','2016-07-17'),
 (48,4,72,'2016-07-03','2016-07-17','2016-07-17'),
 (49,120,66,'2016-07-04','2016-07-18','2016-07-18'),
 (50,99,99,'2016-07-04','2016-07-18','2016-07-18'),
 (51,166,33,'2016-07-06','2016-07-20','2016-07-20'),
 (52,126,95,'2016-07-06','2016-07-20','2016-07-20'),
 (53,112,35,'2016-07-07','2016-07-21','2016-07-21'),
 (54,97,68,'2016-07-09','2016-07-23','2016-07-23'),
 (55,10,62,'2016-07-09','2016-07-23','2016-07-23'),
 (56,64,61,'2016-07-09','2016-07-23','2016-07-23'),
 (57,152,17,'2016-07-09','2016-07-23','2016-07-23'),
 (58,200,18,'2016-07-09','2016-07-23','2016-07-23'),
 (59,164,53,'2016-07-10','2016-07-24','2016-07-24'),
 (60,157,45,'2016-07-12','2016-07-26','2016-07-26'),
 (61,108,33,'2016-07-13','2016-07-27','2016-07-27'),
 (62,181,82,'2016-07-14','2016-07-28','2016-07-28'),
 (63,168,95,'2016-07-14','2016-07-28','2016-07-28'),
 (64,86,54,'2016-07-18','2016-08-01','2016-08-01'),
 (65,21,67,'2016-07-18','2016-08-01','2016-08-01'),
 (66,166,11,'2016-07-18','2016-08-01','2016-08-01'),
 (67,119,100,'2016-07-19','2016-08-02','2016-08-02'),
 (68,188,100,'2016-07-20','2016-08-03','2016-08-03'),
 (69,21,83,'2016-07-21','2016-08-04','2016-08-04'),
 (70,4,79,'2016-07-21','2016-08-04','2016-08-04'),
 (71,45,7,'2016-07-21','2016-08-04','2016-08-04'),
 (72,137,98,'2016-07-25','2016-08-08','2016-08-08'),
 (73,54,13,'2016-07-25','2016-08-08','2016-08-08'),
 (74,199,85,'2016-07-27','2016-08-10','2016-08-10'),
 (75,128,44,'2016-07-27','2016-08-10','2016-08-10'),
 (76,175,13,'2016-07-28','2016-08-11','2016-08-11'),
 (77,62,58,'2016-07-31','2016-08-14','2016-08-14'),
 (78,184,59,'2016-08-04','2016-08-18','2016-08-18'),
 (79,78,37,'2016-08-04','2016-08-18','2016-08-18'),
 (80,49,16,'2016-08-05','2016-08-19','2016-08-19'),
 (81,99,23,'2016-08-05','2016-08-19','2016-08-19'),
 (82,173,19,'2016-08-05','2016-08-19','2016-08-19'),
 (83,126,15,'2016-08-05','2016-08-19','2016-08-19'),
 (84,22,44,'2016-08-07','2016-08-21','2016-08-21'),
 (85,144,100,'2016-08-08','2016-08-22','2016-08-22'),
 (86,91,46,'2016-08-08','2016-08-22','2016-08-22'),
 (87,47,3,'2016-08-09','2016-08-23','2016-08-23'),
 (88,150,61,'2016-08-09','2016-08-23','2016-08-23'),
 (89,31,11,'2016-08-09','2016-08-23','2016-08-23'),
 (90,71,15,'2016-08-10','2016-08-24','2016-08-24'),
 (91,101,62,'2016-08-10','2016-08-24','2016-08-24'),
 (92,143,32,'2016-08-11','2016-08-25','2016-08-25'),
 (93,106,87,'2016-08-12','2016-08-26','2016-08-26'),
 (94,144,30,'2016-08-13','2016-08-27','2016-08-27'),
 (95,23,11,'2016-08-13','2016-08-27','2016-08-27'),
 (96,120,90,'2016-08-15','2016-08-29','2016-08-29'),
 (97,26,35,'2016-08-15','2016-08-29','2016-08-29'),
 (98,139,99,'2016-08-16','2016-08-30','2016-08-30'),
 (99,112,32,'2016-08-16','2016-08-30','2016-08-30'),
 (100,112,48,'2016-08-16','2016-08-30','2016-08-30'),
 (101,71,38,'2016-08-17','2016-08-31','2016-08-31'),
 (102,83,29,'2016-08-18','2016-09-01','2016-09-01'),
 (103,122,40,'2016-08-19','2016-09-02','2016-09-02'),
 (104,20,66,'2016-08-19','2016-09-02','2016-09-02'),
 (105,22,29,'2016-08-20','2016-09-03','2016-09-03'),
 (106,50,23,'2016-08-25','2016-09-08','2016-09-08'),
 (107,171,96,'2016-08-26','2016-09-09','2016-09-09'),
 (108,189,65,'2016-08-26','2016-09-09','2016-09-09'),
 (109,75,10,'2016-08-26','2016-09-09','2016-09-09'),
 (110,174,53,'2016-08-26','2016-09-09','2016-09-09'),
 (111,185,84,'2016-08-26','2016-09-09','2016-09-09'),
 (112,184,4,'2016-08-28','2016-09-11','2016-09-11'),
 (113,14,31,'2016-08-29','2016-09-12','2016-09-12'),
 (114,59,61,'2016-08-30','2016-09-13','2016-09-13'),
 (115,4,95,'2016-08-30','2016-09-13','2016-09-13'),
 (116,112,94,'2016-09-01','2016-09-15','2016-09-15'),
 (117,158,89,'2016-09-01','2016-09-15','2016-09-15'),
 (118,55,79,'2016-09-02','2016-09-16','2016-09-16'),
 (119,185,37,'2016-09-02','2016-09-16','2016-09-16'),
 (120,155,22,'2016-09-03','2016-09-17','2016-09-17'),
 (121,20,19,'2016-09-03','2016-09-17','2016-09-17'),
 (122,164,81,'2016-09-04','2016-09-18','2016-09-18'),
 (123,145,14,'2016-09-04','2016-09-18','2016-09-18'),
 (124,98,79,'2016-09-05','2016-09-19','2016-09-19'),
 (125,6,77,'2016-09-05','2016-09-19','2016-09-19'),
 (126,58,100,'2016-09-05','2016-09-19','2016-09-19'),
 (127,26,92,'2016-09-06','2016-09-20','2016-09-20'),
 (128,48,73,'2016-09-06','2016-09-20','2016-09-20'),
 (129,95,24,'2016-09-06','2016-09-20','2016-09-20'),
 (130,191,33,'2016-09-06','2016-09-20','2016-09-20'),
 (131,200,61,'2016-09-07','2016-09-21','2016-09-21'),
 (132,147,28,'2016-09-07','2016-09-21','2016-09-21'),
 (133,105,67,'2016-09-07','2016-09-21','2016-09-21'),
 (134,153,24,'2016-09-08','2016-09-22','2016-09-22'),
 (135,50,80,'2016-09-10','2016-09-24','2016-09-24'),
 (136,183,42,'2016-09-11','2016-09-25','2016-09-25'),
 (137,121,79,'2016-09-11','2016-09-25','2016-09-25'),
 (138,178,34,'2016-09-11','2016-09-25','2016-09-25'),
 (139,36,77,'2016-09-11','2016-09-25','2016-09-25'),
 (140,75,60,'2016-09-12','2016-09-26','2016-09-26'),
 (141,49,25,'2016-09-13','2016-09-27','2016-09-27'),
 (142,2,9,'2016-09-13','2016-09-27','2016-09-27'),
 (143,43,3,'2016-09-14','2016-09-28','2016-09-28'),
 (144,50,89,'2016-09-16','2016-09-30','2016-09-30'),
 (145,92,37,'2016-09-16','2016-09-30','2016-09-30'),
 (146,87,38,'2016-09-16','2016-09-30','2016-09-30'),
 (147,28,91,'2016-09-19','2016-10-03','2016-10-03'),
 (148,97,46,'2016-09-19','2016-10-03','2016-10-03'),
 (149,128,86,'2016-09-20','2016-10-04','2016-10-04'),
 (150,104,57,'2016-09-21','2016-10-05','2016-10-05'),
 (151,18,89,'2016-09-21','2016-10-05','2016-10-05'),
 (152,105,48,'2016-09-22','2016-10-06','2016-10-06'),
 (153,101,16,'2016-09-22','2016-10-06','2016-10-06'),
 (154,184,41,'2016-09-22','2016-10-06','2016-10-06'),
 (155,92,75,'2016-09-22','2016-10-06','2016-10-06'),
 (156,6,16,'2016-09-23','2016-10-07','2016-10-07'),
 (157,91,17,'2016-09-23','2016-10-07','2016-10-07'),
 (158,80,46,'2016-09-24','2016-10-08','2016-10-08'),
 (159,195,65,'2016-09-24','2016-10-08','2016-10-08'),
 (160,113,91,'2016-09-24','2016-10-08','2016-10-08'),
 (161,60,26,'2016-09-25','2016-10-09','2016-10-09'),
 (162,116,81,'2016-09-25','2016-10-09','2016-10-09'),
 (163,86,9,'2016-09-25','2016-10-09','2016-10-09'),
 (164,135,79,'2016-09-26','2016-10-10','2016-10-10'),
 (165,48,55,'2016-09-28','2016-10-12','2016-10-12'),
 (166,29,47,'2016-09-28','2016-10-12','2016-10-12'),
 (167,74,86,'2016-09-29','2016-10-13','2016-10-13'),
 (168,114,31,'2016-09-30','2016-10-14','2016-10-14'),
 (169,58,29,'2016-09-30','2016-10-14','2016-10-14'),
 (170,112,16,'2016-09-30','2016-10-14','2016-10-14'),
 (171,83,25,'2016-10-01','2016-10-15','2016-10-15'),
 (172,75,90,'2016-10-01','2016-10-15','2016-10-15'),
 (173,27,100,'2016-10-02','2016-10-16','2016-10-16'),
 (174,6,53,'2016-10-03','2016-10-17','2016-10-17'),
 (175,67,26,'2016-10-04','2016-10-18','2016-10-18'),
 (176,14,9,'2016-10-05','2016-10-19','2016-10-19'),
 (177,108,51,'2016-10-08','2016-10-22','2016-10-22'),
 (178,150,42,'2016-10-08','2016-10-22','2016-10-22'),
 (179,60,23,'2016-10-09','2016-10-23','2016-10-23'),
 (180,16,95,'2016-10-09','2016-10-23','2016-10-23'),
 (181,14,92,'2016-10-09','2016-10-23','2016-10-23'),
 (182,87,3,'2016-10-09','2016-10-23','2016-10-23'),
 (183,182,38,'2016-10-10','2016-10-24','2016-10-24'),
 (184,163,78,'2016-10-11','2016-10-25','2016-10-25'),
 (185,143,44,'2016-10-13','2016-10-27','2016-10-27'),
 (186,176,100,'2016-10-14','2016-10-28','2016-10-28'),
 (187,44,69,'2016-10-14','2016-10-28','2016-10-28'),
 (188,96,21,'2016-10-14','2016-10-28','2016-10-28'),
 (189,89,72,'2016-10-14','2016-10-28','2016-10-28'),
 (190,126,15,'2016-10-15','2016-10-29','2016-10-29'),
 (191,83,95,'2016-10-18','2016-11-01','2016-11-01'),
 (192,109,56,'2016-10-18','2016-11-01','2016-11-01'),
 (193,148,51,'2016-10-19','2016-11-02','2016-11-02'),
 (194,120,60,'2016-10-20','2016-11-03','2016-11-03'),
 (195,118,88,'2016-10-20','2016-11-03','2016-11-03'),
 (196,169,90,'2016-10-20','2016-11-03','2016-11-03'),
 (197,58,17,'2016-10-22','2016-11-05','2016-11-05'),
 (198,49,44,'2016-10-23','2016-11-06','2016-11-06'),
 (199,163,98,'2016-10-23','2016-11-06','2016-11-06'),
 (200,106,50,'2016-10-23','2016-11-06','2016-11-06'),
 (201,103,36,'2016-10-24','2016-11-07','2016-11-07'),
 (202,54,87,'2016-10-25','2016-11-08','2016-11-08'),
 (203,178,58,'2016-10-25','2016-11-08','2016-11-08'),
 (204,60,71,'2016-10-25','2016-11-08','2016-11-08'),
 (205,64,47,'2016-10-26','2016-11-09','2016-11-09'),
 (206,34,14,'2016-10-26','2016-11-09','2016-11-09'),
 (207,41,58,'2016-10-27','2016-11-10','2016-11-10'),
 (208,160,22,'2016-10-27','2016-11-10','2016-11-10'),
 (209,90,81,'2016-10-28','2016-11-11','2016-11-11'),
 (210,69,65,'2016-10-29','2016-11-12','2016-11-12'),
 (211,92,8,'2016-10-30','2016-11-13','2016-11-13'),
 (212,72,25,'2016-10-31','2016-11-14','2016-11-14'),
 (213,44,16,'2016-11-01','2016-11-15','2016-11-15'),
 (214,113,51,'2016-11-01','2016-11-15','2016-11-15'),
 (215,149,20,'2016-11-03','2016-11-17','2016-11-17'),
 (216,168,17,'2016-11-04','2016-11-18','2016-11-18'),
 (217,171,50,'2016-11-04','2016-11-18','2016-11-18'),
 (218,127,71,'2016-11-05','2016-11-19','2016-11-19'),
 (219,29,17,'2016-11-07','2016-11-21','2016-11-21'),
 (220,3,35,'2016-11-08','2016-11-22','2016-11-22'),
 (221,145,2,'2016-11-09','2016-11-23','2016-11-23'),
 (222,163,4,'2016-11-09','2016-11-23','2016-11-23'),
 (223,79,6,'2016-11-09','2016-11-23','2016-11-23'),
 (224,83,33,'2016-11-10','2016-11-24','2016-11-24'),
 (225,186,88,'2016-11-10','2016-11-24','2016-11-24'),
 (226,168,6,'2016-11-12','2016-11-26','2016-11-26'),
 (227,59,85,'2016-11-13','2016-11-27','2016-11-27'),
 (228,128,25,'2016-11-13','2016-11-27','2016-11-27'),
 (229,20,90,'2016-11-14','2016-11-28','2016-11-28'),
 (230,29,86,'2016-11-15','2016-11-29','2016-11-29'),
 (231,121,33,'2016-11-16','2016-11-30','2016-11-30'),
 (232,52,65,'2016-11-16','2016-11-30','2016-11-30'),
 (233,84,65,'2016-11-16','2016-11-30','2016-11-30'),
 (234,129,55,'2016-11-17','2016-12-01','2016-12-01'),
 (235,102,36,'2016-11-18','2016-12-02','2016-12-02'),
 (236,117,54,'2016-11-18','2016-12-02','2016-12-02'),
 (237,164,95,'2016-11-18','2016-12-02','2016-12-02'),
 (238,180,99,'2016-11-19','2016-12-03','2016-12-03'),
 (239,34,98,'2016-11-19','2016-12-03','2016-12-03'),
 (240,156,31,'2016-11-19','2016-12-03','2016-12-03'),
 (241,71,21,'2016-11-20','2016-12-04','2016-12-04'),
 (242,86,41,'2016-11-20','2016-12-04','2016-12-04'),
 (243,112,65,'2016-11-21','2016-12-05','2016-12-05'),
 (244,14,55,'2016-11-21','2016-12-05','2016-12-05'),
 (245,161,97,'2016-11-22','2016-12-06','2016-12-06'),
 (246,185,90,'2016-11-23','2016-12-07','2016-12-07'),
 (247,88,13,'2016-11-24','2016-12-08','2016-12-08'),
 (248,72,48,'2016-11-24','2016-12-08','2016-12-08'),
 (249,4,91,'2016-11-26','2016-12-10','2016-12-10'),
 (250,60,24,'2016-11-26','2016-12-10','2016-12-10'),
 (251,58,52,'2016-11-27','2016-12-11','2016-12-11'),
 (252,116,53,'2016-11-27','2016-12-11','2016-12-11'),
 (253,178,70,'2016-11-28','2016-12-12','2016-12-12'),
 (254,43,57,'2016-11-28','2016-12-12','2016-12-12'),
 (255,163,2,'2016-11-29','2016-12-13','2016-12-13'),
 (256,45,51,'2016-11-30','2016-12-14','2016-12-14'),
 (257,120,77,'2016-11-30','2016-12-14','2016-12-14'),
 (258,122,85,'2016-12-01','2016-12-15','2016-12-15'),
 (259,95,100,'2016-12-01','2016-12-15','2016-12-15'),
 (260,28,40,'2016-12-02','2016-12-16','2016-12-16'),
 (261,149,92,'2016-12-02','2016-12-16','2016-12-16'),
 (262,136,10,'2016-12-02','2016-12-16','2016-12-16'),
 (263,41,51,'2016-12-02','2016-12-16','2016-12-16'),
 (264,145,69,'2016-12-04','2016-12-18','2016-12-18'),
 (265,11,19,'2016-12-04','2016-12-18','2016-12-18'),
 (266,64,5,'2016-12-04','2016-12-18','2016-12-18'),
 (267,46,99,'2016-12-04','2016-12-18','2016-12-18'),
 (268,171,30,'2016-12-05','2016-12-19','2016-12-19'),
 (269,84,56,'2016-12-05','2016-12-19','2016-12-19'),
 (270,181,6,'2016-12-06','2016-12-20','2016-12-20'),
 (271,45,74,'2016-12-06','2016-12-20','2016-12-20'),
 (272,14,90,'2016-12-09','2016-12-23','2016-12-23'),
 (273,18,33,'2016-12-10','2016-12-24','2016-12-24'),
 (274,156,79,'2016-12-10','2016-12-24','2016-12-24'),
 (275,191,88,'2016-12-11','2016-12-25','2016-12-25'),
 (276,19,80,'2016-12-14','2016-12-28','2016-12-28'),
 (277,36,30,'2016-12-16','2016-12-30','2016-12-30'),
 (278,131,95,'2016-12-16','2016-12-30','2016-12-30'),
 (279,18,55,'2016-12-16','2016-12-30','2016-12-30'),
 (280,158,10,'2016-12-17','2016-12-31','2016-12-31'),
 (281,21,23,'2016-12-17','2016-12-31','2016-12-31'),
 (282,175,77,'2016-12-17','2016-12-31','2016-12-31'),
 (283,188,30,'2016-12-17','2016-12-31','2016-12-31'),
 (284,157,69,'2016-12-18','2017-01-01','2017-01-01'),
 (285,10,1,'2016-12-18','2017-01-01','2017-01-01'),
 (286,110,4,'2016-12-18','2017-01-01','2017-01-01'),
 (287,167,19,'2016-12-19','2017-01-02','2017-01-02'),
 (288,131,45,'2016-12-19','2017-01-02','2017-01-02'),
 (289,104,59,'2016-12-20','2017-01-03','2017-01-03'),
 (290,145,97,'2016-12-20','2017-01-03','2017-01-03'),
 (291,102,80,'2016-12-21','2017-01-04','2017-01-04'),
 (292,196,5,'2016-12-21','2017-01-04','2017-01-04'),
 (293,40,29,'2016-12-23','2017-01-06','2017-01-06'),
 (294,33,98,'2016-12-23','2017-01-06','2017-01-06'),
 (295,146,30,'2016-12-24','2017-01-07','2017-01-07'),
 (296,36,92,'2016-12-25','2017-01-08','2017-01-08'),
 (297,52,77,'2016-12-25','2017-01-08','2017-01-08'),
 (298,50,81,'2016-12-25','2017-01-08','2017-01-08'),
 (299,37,9,'2016-12-27','2017-01-10','2017-01-10'),
 (300,170,84,'2016-12-28','2017-01-11','2017-01-11'),
 (301,62,46,'2016-12-28','2017-01-11','2017-01-11'),
 (302,107,75,'2016-12-28','2017-01-11','2017-01-11'),
 (303,196,42,'2016-12-29','2017-01-12','2017-01-12'),
 (304,13,13,'2016-12-30','2017-01-13','2017-01-13'),
 (305,48,96,'2016-12-30','2017-01-13','2017-01-13'),
 (306,25,29,'2016-12-31','2017-01-14','2017-01-14'),
 (307,164,100,'2017-01-02','2017-01-16','2017-01-16'),
 (308,81,8,'2017-01-04','2017-01-18','2017-01-18'),
 (309,149,8,'2017-01-05','2017-01-19','2017-01-19'),
 (310,58,91,'2017-01-05','2017-01-19','2017-01-19'),
 (311,114,42,'2017-01-06','2017-01-20','2017-01-20'),
 (312,162,17,'2017-01-06','2017-01-20','2017-01-20'),
 (313,185,21,'2017-01-06','2017-01-20','2017-01-20'),
 (314,166,42,'2017-01-07','2017-01-21','2017-01-21'),
 (315,181,1,'2017-01-08','2017-01-22','2017-01-22'),
 (316,151,75,'2017-01-09','2017-01-23','2017-01-23'),
 (317,141,63,'2017-01-09','2017-01-23','2017-01-23'),
 (318,16,24,'2017-01-09','2017-01-23','2017-01-23'),
 (319,129,26,'2017-01-09','2017-01-23','2017-01-23'),
 (320,131,48,'2017-01-09','2017-01-23','2017-01-23'),
 (321,104,56,'2017-01-11','2017-01-25','2017-01-25'),
 (322,137,11,'2017-01-12','2017-01-26','2017-01-26'),
 (323,134,81,'2017-01-14','2017-01-28','2017-01-28'),
 (324,139,66,'2017-01-15','2017-01-29','2017-01-29'),
 (325,126,27,'2017-01-15','2017-01-29','2017-01-29'),
 (326,183,52,'2017-01-18','2017-02-01','2017-02-01'),
 (327,90,95,'2017-01-19','2017-02-02','2017-02-02'),
 (328,120,80,'2017-01-19','2017-02-02','2017-02-02'),
 (329,101,40,'2017-01-20','2017-02-03','2017-02-03'),
 (330,86,48,'2017-01-22','2017-02-05','2017-02-05'),
 (331,104,3,'2017-01-22','2017-02-05','2017-02-05'),
 (332,54,17,'2017-01-23','2017-02-06','2017-02-06'),
 (333,25,80,'2017-01-24','2017-02-07','2017-02-07'),
 (334,100,16,'2017-01-25','2017-02-08','2017-02-08'),
 (335,181,32,'2017-01-25','2017-02-08','2017-02-08'),
 (336,30,55,'2017-01-26','2017-02-09','2017-02-09'),
 (337,90,15,'2017-01-26','2017-02-09','2017-02-09'),
 (338,182,27,'2017-01-26','2017-02-09','2017-02-09'),
 (339,165,19,'2017-01-27','2017-02-10','2017-02-10'),
 (340,146,93,'2017-01-27','2017-02-10','2017-02-10'),
 (341,138,62,'2017-01-27','2017-02-10','2017-02-10'),
 (342,70,99,'2017-01-29','2017-02-12','2017-02-12'),
 (343,163,63,'2017-01-30','2017-02-13','2017-02-13'),
 (344,103,84,'2017-01-31','2017-02-14','2017-02-14'),
 (345,191,47,'2017-02-01','2017-02-15','2017-02-15'),
 (346,22,77,'2017-02-01','2017-02-15','2017-02-15'),
 (347,96,28,'2017-02-01','2017-02-15','2017-02-15'),
 (348,183,36,'2017-02-02','2017-02-16','2017-02-16'),
 (349,142,53,'2017-02-02','2017-02-16','2017-02-16'),
 (350,129,35,'2017-02-03','2017-02-17','2017-02-17'),
 (351,163,22,'2017-02-05','2017-02-19','2017-02-19'),
 (352,121,39,'2017-02-06','2017-02-20','2017-02-20'),
 (353,99,12,'2017-02-07','2017-02-21','2017-02-21'),
 (354,115,94,'2017-02-07','2017-02-21','2017-02-21'),
 (355,123,19,'2017-02-07','2017-02-21','2017-02-21'),
 (356,150,86,'2017-02-07','2017-02-21','2017-02-21'),
 (357,40,10,'2017-02-07','2017-02-21','2017-02-21'),
 (358,37,37,'2017-02-07','2017-02-21','2017-02-21'),
 (359,164,28,'2017-02-09','2017-02-23','2017-02-23'),
 (360,68,69,'2017-02-09','2017-02-23','2017-02-23'),
 (361,114,62,'2017-02-10','2017-02-24','2017-02-24'),
 (362,72,87,'2017-02-10','2017-02-24','2017-02-24'),
 (363,84,31,'2017-02-10','2017-02-24','2017-02-24'),
 (364,2,94,'2017-02-10','2017-02-24','2017-02-24'),
 (365,96,6,'2017-02-10','2017-02-24','2017-02-24'),
 (366,192,23,'2017-02-11','2017-02-25','2017-02-25'),
 (367,57,11,'2017-02-11','2017-02-25','2017-02-25'),
 (368,1,52,'2017-02-11','2017-02-25','2017-02-25'),
 (369,50,82,'2017-02-11','2017-02-25','2017-02-25'),
 (370,148,100,'2017-02-11','2017-02-25','2017-02-25'),
 (371,141,36,'2017-02-12','2017-02-26','2017-02-26'),
 (372,62,78,'2017-02-13','2017-02-27','2017-02-27'),
 (373,148,74,'2017-02-14','2017-02-28','2017-02-28'),
 (374,91,6,'2017-02-16','2017-03-02','2017-03-02'),
 (375,139,64,'2017-02-16','2017-03-02','2017-03-02'),
 (376,70,85,'2017-02-16','2017-03-02','2017-03-02'),
 (377,146,26,'2017-02-17','2017-03-03','2017-03-03'),
 (378,158,17,'2017-02-17','2017-03-03','2017-03-03'),
 (379,44,36,'2017-02-17','2017-03-03','2017-03-03'),
 (380,91,14,'2017-02-18','2017-03-04','2017-03-04'),
 (381,19,22,'2017-02-19','2017-03-05','2017-03-05'),
 (382,185,98,'2017-02-19','2017-03-05','2017-03-05'),
 (383,26,15,'2017-02-20','2017-03-06','2017-03-06'),
 (384,54,81,'2017-02-20','2017-03-06','2017-03-06'),
 (385,80,80,'2017-02-21','2017-03-07','2017-03-07'),
 (386,146,34,'2017-02-22','2017-03-08','2017-03-08'),
 (387,24,42,'2017-02-22','2017-03-08','2017-03-08'),
 (388,144,32,'2017-02-23','2017-03-09','2017-03-09'),
 (389,168,63,'2017-02-23','2017-03-09','2017-03-09'),
 (390,106,67,'2017-02-25','2017-03-11','2017-03-11'),
 (391,138,20,'2017-02-25','2017-03-11','2017-03-11'),
 (392,34,56,'2017-02-26','2017-03-12','2017-03-12'),
 (393,165,97,'2017-02-27','2017-03-13','2017-03-13'),
 (394,46,48,'2017-02-28','2017-03-14','2017-03-14'),
 (395,172,45,'2017-02-28','2017-03-14','2017-03-14'),
 (396,146,54,'2017-02-28','2017-03-14','2017-03-14'),
 (397,16,15,'2017-03-01','2017-03-15','2017-03-15'),
 (398,102,88,'2017-03-02','2017-03-16','2017-03-16'),
 (399,189,32,'2017-03-03','2017-03-17','2017-03-17'),
 (400,190,32,'2017-03-03','2017-03-17','2017-03-17'),
 (401,138,53,'2017-03-03','2017-03-17','2017-03-17'),
 (402,50,86,'2017-03-05','2017-03-19','2017-03-19'),
 (403,41,48,'2017-03-06','2017-03-20','2017-03-20'),
 (404,131,100,'2017-03-08','2017-03-22','2017-03-22'),
 (405,53,66,'2017-03-09','2017-03-23','2017-03-23'),
 (406,4,2,'2017-03-10','2017-03-24','2017-03-24'),
 (407,92,23,'2017-03-10','2017-03-24','2017-03-24'),
 (408,88,48,'2017-03-11','2017-03-25','2017-03-25'),
 (409,167,32,'2017-03-13','2017-03-27','2017-03-27'),
 (410,176,95,'2017-03-13','2017-03-27','2017-03-27'),
 (411,180,4,'2017-03-13','2017-03-27','2017-03-27'),
 (412,59,74,'2017-03-14','2017-03-28','2017-03-28'),
 (413,168,65,'2017-03-14','2017-03-28','2017-03-28'),
 (414,148,70,'2017-03-14','2017-03-28','2017-03-28'),
 (415,74,94,'2017-03-15','2017-03-29','2017-03-29'),
 (416,122,89,'2017-03-16','2017-03-30','2017-03-30'),
 (417,96,48,'2017-03-16','2017-03-30','2017-03-30'),
 (418,78,99,'2017-03-16','2017-03-30','2017-03-30'),
 (419,95,17,'2017-03-16','2017-03-30','2017-03-30'),
 (420,136,45,'2017-03-17','2017-03-31','2017-03-31'),
 (421,69,50,'2017-03-17','2017-03-31','2017-03-31'),
 (422,183,43,'2017-03-17','2017-03-31','2017-03-31'),
 (423,177,74,'2017-03-18','2017-04-01','2017-04-01'),
 (424,86,85,'2017-03-19','2017-04-02','2017-04-02'),
 (425,76,36,'2017-03-19','2017-04-02','2017-04-02'),
 (426,147,13,'2017-03-21','2017-04-04','2017-04-04'),
 (427,11,72,'2017-03-23','2017-04-06','2017-04-06'),
 (428,194,47,'2017-03-23','2017-04-06','2017-04-06'),
 (429,196,84,'2017-03-23','2017-04-06','2017-04-06'),
 (430,24,88,'2017-03-25','2017-04-08','2017-04-08'),
 (431,194,86,'2017-03-26','2017-04-09','2017-04-09'),
 (432,20,61,'2017-03-28','2017-04-11','2017-04-11'),
 (433,10,66,'2017-03-29','2017-04-12','2017-04-12'),
 (434,178,1,'2017-03-29','2017-04-12','2017-04-12'),
 (435,177,100,'2017-03-31','2017-04-14','2017-04-14'),
 (436,62,15,'2017-04-01','2017-04-15','2017-04-15'),
 (437,119,60,'2017-04-01','2017-04-15','2017-04-15'),
 (438,65,84,'2017-04-01','2017-04-15','2017-04-15'),
 (439,54,86,'2017-04-03','2017-04-17','2017-04-17'),
 (440,28,82,'2017-04-03','2017-04-17','2017-04-17'),
 (441,141,25,'2017-04-04','2017-04-18','2017-04-18'),
 (442,191,8,'2017-04-05','2017-04-19','2017-04-19'),
 (443,197,94,'2017-04-06','2017-04-20','2017-04-20'),
 (444,169,92,'2017-04-06','2017-04-20','2017-04-20'),
 (445,101,12,'2017-04-06','2017-04-20','2017-04-20'),
 (446,25,11,'2017-04-07','2017-04-21','2017-04-21'),
 (447,109,74,'2017-04-07','2017-04-21','2017-04-21'),
 (448,142,17,'2017-04-07','2017-04-21','2017-04-21'),
 (449,24,41,'2017-04-07','2017-04-21','2017-04-21'),
 (450,94,58,'2017-04-08','2017-04-22','2017-04-22'),
 (451,198,11,'2017-04-09','2017-04-23','2017-04-23'),
 (452,14,6,'2017-04-10','2017-04-24','2017-04-24'),
 (453,66,23,'2017-04-11','2017-04-25','2017-04-25'),
 (454,117,32,'2017-04-12','2017-04-26','2017-04-26'),
 (455,20,51,'2017-04-15','2017-04-29','2017-04-29'),
 (456,109,84,'2017-04-15','2017-04-29','2017-04-29'),
 (457,193,74,'2017-04-17','2017-05-01','2017-05-01'),
 (458,135,13,'2017-04-18','2017-05-02','2017-05-02'),
 (459,100,87,'2017-04-18','2017-05-02','2017-05-02'),
 (460,5,97,'2017-04-21','2017-05-05','2017-05-05'),
 (461,148,26,'2017-04-22','2017-05-06','2017-05-06'),
 (462,105,64,'2017-04-22','2017-05-06','2017-05-06'),
 (463,56,59,'2017-04-23','2017-05-07','2017-05-07'),
 (464,153,40,'2017-04-25','2017-05-09','2017-05-09'),
 (465,1,53,'2017-04-26','2017-05-10','2017-05-10'),
 (466,167,23,'2017-04-27','2017-05-11','2017-05-11'),
 (467,150,88,'2017-04-27','2017-05-11','2017-05-11'),
 (468,187,33,'2017-04-29','2017-05-13','2017-05-13'),
 (469,152,35,'2017-04-29','2017-05-13','2017-05-13'),
 (470,128,75,'2017-05-02','2017-05-16','2017-05-16'),
 (471,121,97,'2017-05-02','2017-05-16','2017-05-16'),
 (472,195,56,'2017-05-03','2017-05-17','2017-05-17'),
 (473,48,9,'2017-05-04','2017-05-18','2017-05-18'),
 (474,41,62,'2017-05-04','2017-05-18','2017-05-18'),
 (475,54,51,'2017-05-05','2017-05-19','2017-05-19'),
 (476,123,78,'2017-05-05','2017-05-19','2017-05-19'),
 (477,125,74,'2017-05-05','2017-05-19','2017-05-19'),
 (478,116,4,'2017-05-06','2017-05-20','2017-05-20'),
 (479,98,83,'2017-05-06','2017-05-20','2017-05-20'),
 (480,12,39,'2017-05-07','2017-05-21','2017-05-21'),
 (481,36,22,'2017-05-08','2017-05-22','2017-05-22'),
 (482,55,49,'2017-05-09','2017-05-23','2017-05-23'),
 (483,176,22,'2017-05-11','2017-05-25','2017-05-25'),
 (484,21,50,'2017-05-12','2017-05-26','2017-05-26'),
 (485,56,94,'2017-05-13','2017-05-27','2017-05-27'),
 (486,31,58,'2017-05-13','2017-05-27','2017-05-27'),
 (487,133,70,'2017-05-13','2017-05-27','2017-05-27'),
 (488,164,61,'2017-05-13','2017-05-27','2017-05-27'),
 (489,80,95,'2017-05-14','2017-05-28','2017-05-28'),
 (490,20,61,'2017-05-16','2017-05-30','2017-05-30'),
 (491,38,98,'2017-05-17','2017-05-31','2017-05-31'),
 (492,110,53,'2017-05-17','2017-05-31','2017-05-31'),
 (493,100,51,'2017-05-20','2017-06-03','2017-06-03'),
 (494,176,32,'2017-05-20','2017-06-03','2017-06-03'),
 (495,32,56,'2017-05-20','2017-06-03','2017-06-03'),
 (496,78,23,'2017-05-21','2017-06-04','2017-06-04'),
 (497,4,72,'2017-05-21','2017-06-04','2017-06-04'),
 (498,64,63,'2017-05-22','2017-06-05','2017-06-05'),
 (499,77,31,'2017-05-22','2017-06-05','2017-06-05'),
 (500,11,24,'2017-05-22','2017-06-05','2017-06-05'),
 (501,65,76,'2017-05-22','2017-06-05','2017-06-05'),
 (502,39,81,'2017-05-23','2017-06-06','2017-06-06'),
 (503,76,46,'2017-05-23','2017-06-06','2017-06-06'),
 (504,174,85,'2017-05-24','2017-06-07','2017-06-07'),
 (505,181,7,'2017-05-24','2017-06-07','2017-06-07'),
 (506,73,61,'2017-05-24','2017-06-07','2017-06-07'),
 (507,14,70,'2017-05-25','2017-06-08','2017-06-08'),
 (508,104,79,'2017-05-26','2017-06-09','2017-06-09'),
 (509,40,65,'2017-05-26','2017-06-09','2017-06-09'),
 (510,49,81,'2017-05-27','2017-06-10','2017-06-10'),
 (511,54,66,'2017-05-28','2017-06-11','2017-06-11'),
 (512,82,14,'2017-05-28','2017-06-11','2017-06-11'),
 (513,130,72,'2017-05-29','2017-06-12','2017-06-12'),
 (514,81,84,'2017-05-30','2017-06-13','2017-06-13'),
 (515,188,81,'2017-06-02','2017-06-16','2017-06-16'),
 (516,42,66,'2017-06-03','2017-06-17','2017-06-17'),
 (517,2,19,'2017-06-04','2017-06-18','2017-06-18'),
 (518,90,23,'2017-06-05','2017-06-19','2017-06-19'),
 (519,139,85,'2017-06-05','2017-06-19','2017-06-19'),
 (520,197,10,'2017-06-06','2017-06-20','2017-06-20'),
 (521,95,96,'2017-06-06','2017-06-20','2017-06-20'),
 (522,77,26,'2017-06-06','2017-06-20','2017-06-20'),
 (523,32,8,'2017-06-06','2017-06-20','2017-06-20'),
 (524,90,6,'2017-06-09','2017-06-23','2017-06-23'),
 (525,156,56,'2017-06-10','2017-06-24','2017-06-24'),
 (526,89,95,'2017-06-11','2017-06-25','2017-06-25'),
 (527,143,98,'2017-06-12','2017-06-26','2017-06-26'),
 (528,149,77,'2017-06-17','2017-07-01','2017-07-01'),
 (529,34,80,'2017-06-17','2017-07-01','2017-07-01'),
 (530,125,49,'2017-06-17','2017-07-01','2017-07-01'),
 (531,161,31,'2017-06-19','2017-07-03','2017-07-03'),
 (532,96,8,'2017-06-20','2017-07-04','2017-07-04'),
 (533,125,10,'2017-06-20','2017-07-04','2017-07-04'),
 (534,7,35,'2017-06-20','2017-07-04','2017-07-04'),
 (535,33,9,'2017-06-22','2017-07-06','2017-07-06'),
 (536,31,65,'2017-06-22','2017-07-06','2017-07-06'),
 (537,181,84,'2017-06-25','2017-07-09','2017-07-09'),
 (538,28,70,'2017-06-28','2017-07-12','2017-07-12'),
 (539,73,88,'2017-06-28','2017-07-12','2017-07-12'),
 (540,175,78,'2017-06-28','2017-07-12','2017-07-12'),
 (541,41,37,'2017-06-29','2017-07-13','2017-07-13'),
 (542,112,56,'2017-06-30','2017-07-14','2017-07-14'),
 (543,150,95,'2017-06-30','2017-07-14','2017-07-14'),
 (544,77,42,'2017-07-01','2017-07-15','2017-07-15'),
 (545,170,45,'2017-07-01','2017-07-15','2017-07-15'),
 (546,100,13,'2017-07-03','2017-07-17','2017-07-17'),
 (547,188,58,'2017-07-03','2017-07-17','2017-07-17'),
 (548,57,77,'2017-07-03','2017-07-17','2017-07-17'),
 (549,109,82,'2017-07-04','2017-07-18','2017-07-18'),
 (550,75,62,'2017-07-05','2017-07-19','2017-07-19'),
 (551,178,15,'2017-07-05','2017-07-19','2017-07-19'),
 (552,52,87,'2017-07-06','2017-07-20','2017-07-20'),
 (553,68,85,'2017-07-06','2017-07-20','2017-07-20'),
 (554,41,96,'2017-07-07','2017-07-21','2017-07-21'),
 (555,112,23,'2017-07-07','2017-07-21','2017-07-21'),
 (556,174,8,'2017-07-07','2017-07-21','2017-07-21'),
 (557,50,18,'2017-07-08','2017-07-22','2017-07-22'),
 (558,127,48,'2017-07-08','2017-07-22','2017-07-22'),
 (559,120,26,'2017-07-08','2017-07-22','2017-07-22'),
 (560,182,36,'2017-07-09','2017-07-23','2017-07-23'),
 (561,86,19,'2017-07-11','2017-07-25','2017-07-25'),
 (562,45,2,'2017-07-12','2017-07-26','2017-07-26'),
 (563,77,96,'2017-07-13','2017-07-27','2017-07-27'),
 (564,106,68,'2017-07-13','2017-07-27','2017-07-27'),
 (565,198,23,'2017-07-14','2017-07-28','2017-07-28'),
 (566,123,84,'2017-07-15','2017-07-29','2017-07-29'),
 (567,105,5,'2017-07-15','2017-07-29','2017-07-29'),
 (568,102,29,'2017-07-15','2017-07-29','2017-07-29'),
 (569,16,40,'2017-07-15','2017-07-29','2017-07-29'),
 (570,26,46,'2017-07-16','2017-07-30','2017-07-30'),
 (571,107,94,'2017-07-17','2017-07-31','2017-07-31'),
 (572,67,53,'2017-07-17','2017-07-31','2017-07-31'),
 (573,200,31,'2017-07-18','2017-08-01','2017-08-01'),
 (574,72,15,'2017-07-18','2017-08-01','2017-08-01'),
 (575,77,92,'2017-07-20','2017-08-03','2017-08-03'),
 (576,38,48,'2017-07-21','2017-08-04','2017-08-04'),
 (577,126,10,'2017-07-22','2017-08-05','2017-08-05'),
 (578,81,43,'2017-07-23','2017-08-06','2017-08-06'),
 (579,69,27,'2017-07-23','2017-08-06','2017-08-06'),
 (580,58,49,'2017-07-24','2017-08-07','2017-08-07'),
 (581,82,53,'2017-07-27','2017-08-10','2017-08-10'),
 (582,123,19,'2017-07-27','2017-08-10','2017-08-10'),
 (583,33,79,'2017-07-27','2017-08-10','2017-08-10'),
 (584,51,84,'2017-07-28','2017-08-11','2017-08-11'),
 (585,163,11,'2017-07-28','2017-08-11','2017-08-11'),
 (586,171,18,'2017-07-29','2017-08-12','2017-08-12'),
 (587,42,30,'2017-07-31','2017-08-14','2017-08-14'),
 (588,70,2,'2017-07-31','2017-08-14','2017-08-14'),
 (589,179,50,'2017-08-03','2017-08-17','2017-08-17'),
 (590,140,28,'2017-08-04','2017-08-18','2017-08-18'),
 (591,27,71,'2017-08-04','2017-08-18','2017-08-18'),
 (592,135,54,'2017-08-05','2017-08-19','2017-08-19'),
 (593,77,21,'2017-08-05','2017-08-19','2017-08-19'),
 (594,123,57,'2017-08-07','2017-08-21','2017-08-21'),
 (595,110,25,'2017-08-07','2017-08-21','2017-08-21'),
 (596,160,98,'2017-08-11','2017-08-25','2017-08-25'),
 (597,4,3,'2017-08-12','2017-08-26','2017-08-26'),
 (598,191,54,'2017-08-13','2017-08-27','2017-08-27'),
 (599,153,44,'2017-08-14','2017-08-28','2017-08-28'),
 (600,23,59,'2017-08-18','2017-09-01','2017-09-01'),
 (601,27,24,'2017-08-18','2017-09-01','2017-09-01'),
 (602,144,17,'2017-08-18','2017-09-01','2017-09-01'),
 (603,112,80,'2017-08-20','2017-09-03','2017-09-03'),
 (604,41,83,'2017-08-20','2017-09-03','2017-09-03'),
 (605,74,74,'2017-08-21','2017-09-04','2017-09-04'),
 (606,173,8,'2017-08-21','2017-09-04','2017-09-04'),
 (607,12,68,'2017-08-21','2017-09-04','2017-09-04'),
 (608,46,91,'2017-08-22','2017-09-05','2017-09-05'),
 (609,65,52,'2017-08-22','2017-09-05','2017-09-05'),
 (610,148,11,'2017-08-22','2017-09-05','2017-09-05'),
 (611,136,34,'2017-08-23','2017-09-06','2017-09-06'),
 (612,152,14,'2017-08-23','2017-09-06','2017-09-06'),
 (613,122,24,'2017-08-23','2017-09-06','2017-09-06'),
 (614,15,95,'2017-08-24','2017-09-07','2017-09-07'),
 (615,168,55,'2017-08-25','2017-09-08','2017-09-08'),
 (616,170,46,'2017-08-26','2017-09-09','2017-09-09'),
 (617,8,100,'2017-08-26','2017-09-09','2017-09-09'),
 (618,139,74,'2017-08-27','2017-09-10','2017-09-10'),
 (619,94,30,'2017-08-27','2017-09-10','2017-09-10'),
 (620,37,87,'2017-08-28','2017-09-11','2017-09-11'),
 (621,143,67,'2017-08-31','2017-09-14','2017-09-14'),
 (622,130,75,'2017-08-31','2017-09-14','2017-09-14'),
 (623,44,40,'2017-08-31','2017-09-14','2017-09-14'),
 (624,89,32,'2017-09-01','2017-09-15','2017-09-15'),
 (625,18,54,'2017-09-02','2017-09-16','2017-09-16'),
 (626,119,57,'2017-09-06','2017-09-20','2017-09-20'),
 (627,186,41,'2017-09-07','2017-09-21','2017-09-21'),
 (628,123,35,'2017-09-08','2017-09-22','2017-09-22'),
 (629,133,99,'2017-09-08','2017-09-22','2017-09-22'),
 (630,63,91,'2017-09-09','2017-09-23','2017-09-23'),
 (631,68,45,'2017-09-09','2017-09-23','2017-09-23'),
 (632,184,35,'2017-09-11','2017-09-25','2017-09-25'),
 (633,31,68,'2017-09-11','2017-09-25','2017-09-25'),
 (634,97,68,'2017-09-12','2017-09-26','2017-09-26'),
 (635,187,11,'2017-09-12','2017-09-26','2017-09-26'),
 (636,140,74,'2017-09-13','2017-09-27','2017-09-27'),
 (637,126,44,'2017-09-13','2017-09-27','2017-09-27'),
 (638,56,28,'2017-09-13','2017-09-27','2017-09-27'),
 (639,5,90,'2017-09-13','2017-09-27','2017-09-27'),
 (640,192,28,'2017-09-13','2017-09-27','2017-09-27'),
 (641,190,78,'2017-09-15','2017-09-29','2017-09-29'),
 (642,71,91,'2017-09-15','2017-09-29','2017-09-29'),
 (643,121,82,'2017-09-15','2017-09-29','2017-09-29'),
 (644,75,27,'2017-09-15','2017-09-29','2017-09-29'),
 (645,121,97,'2017-09-17','2017-10-01','2017-10-01'),
 (646,161,19,'2017-09-18','2017-10-02','2017-10-02'),
 (647,87,46,'2017-09-19','2017-10-03','2017-10-03'),
 (648,128,63,'2017-09-19','2017-10-03','2017-10-03'),
 (649,171,61,'2017-09-19','2017-10-03','2017-10-03'),
 (650,109,23,'2017-09-20','2017-10-04','2017-10-04'),
 (651,154,66,'2017-09-20','2017-10-04','2017-10-04'),
 (652,143,38,'2017-09-20','2017-10-04','2017-10-04'),
 (653,67,68,'2017-09-21','2017-10-05','2017-10-05'),
 (654,109,34,'2017-09-22','2017-10-06','2017-10-06'),
 (655,165,33,'2017-09-23','2017-10-07','2017-10-07'),
 (656,165,5,'2017-09-23','2017-10-07','2017-10-07'),
 (657,162,24,'2017-09-27','2017-10-11','2017-10-11'),
 (658,89,78,'2017-09-27','2017-10-11','2017-10-11'),
 (659,146,40,'2017-09-28','2017-10-12','2017-10-12'),
 (660,45,38,'2017-09-29','2017-10-13','2017-10-13'),
 (661,81,79,'2017-10-02','2017-10-16','2017-10-16'),
 (662,175,80,'2017-10-03','2017-10-17','2017-10-17'),
 (663,130,86,'2017-10-04','2017-10-18','2017-10-18'),
 (664,43,30,'2017-10-06','2017-10-20','2017-10-20'),
 (665,24,99,'2017-10-07','2017-10-21','2017-10-21'),
 (666,101,84,'2017-10-07','2017-10-21','2017-10-21'),
 (667,159,26,'2017-10-07','2017-10-21','2017-10-21'),
 (668,37,3,'2017-10-08','2017-10-22','2017-10-22'),
 (669,79,1,'2017-10-09','2017-10-23','2017-10-23'),
 (670,65,35,'2017-10-10','2017-10-24','2017-10-24'),
 (671,121,46,'2017-10-10','2017-10-24','2017-10-24'),
 (672,156,28,'2017-10-11','2017-10-25','2017-10-25'),
 (673,67,56,'2017-10-12','2017-10-26','2017-10-26'),
 (674,78,21,'2017-10-14','2017-10-28','2017-10-28'),
 (675,79,62,'2017-10-19','2017-11-02','2017-11-02'),
 (676,100,88,'2017-10-20','2017-11-03','2017-11-03'),
 (677,50,20,'2017-10-21','2017-11-04','2017-11-04'),
 (678,111,25,'2017-10-21','2017-11-04','2017-11-04'),
 (679,14,32,'2017-10-22','2017-11-05','2017-11-05'),
 (680,56,19,'2017-10-23','2017-11-06','2017-11-06'),
 (681,109,66,'2017-10-24','2017-11-07','2017-11-07'),
 (682,154,67,'2017-10-25','2017-11-08','2017-11-08'),
 (683,10,31,'2017-10-25','2017-11-08','2017-11-08'),
 (684,153,26,'2017-10-26','2017-11-09','2017-11-09'),
 (685,69,45,'2017-10-26','2017-11-09','2017-11-09'),
 (686,200,63,'2017-10-26','2017-11-09','2017-11-09'),
 (687,56,43,'2017-10-26','2017-11-09','2017-11-09'),
 (688,44,44,'2017-10-26','2017-11-09','2017-11-09'),
 (689,55,53,'2017-10-27','2017-11-10','2017-11-10'),
 (690,59,57,'2017-10-28','2017-11-11','2017-11-11'),
 (691,179,98,'2017-10-28','2017-11-11','2017-11-11'),
 (692,80,25,'2017-10-30','2017-11-13','2017-11-13'),
 (693,175,58,'2017-10-30','2017-11-13','2017-11-13'),
 (694,46,53,'2017-10-31','2017-11-14','2017-11-14'),
 (695,144,44,'2017-10-31','2017-11-14','2017-11-14'),
 (696,49,43,'2017-10-31','2017-11-14','2017-11-14'),
 (697,161,70,'2017-11-03','2017-11-17','2017-11-17'),
 (698,184,69,'2017-11-04','2017-11-18','2017-11-18'),
 (699,132,63,'2017-11-05','2017-11-19','2017-11-19'),
 (700,92,37,'2017-11-05','2017-11-19','2017-11-19'),
 (701,166,88,'2017-11-06','2017-11-20','2017-11-20'),
 (702,190,5,'2017-11-06','2017-11-20','2017-11-20'),
 (703,84,80,'2017-11-06','2017-11-20','2017-11-20'),
 (704,34,67,'2017-11-06','2017-11-20','2017-11-20'),
 (705,128,11,'2017-11-07','2017-11-21','2017-11-21'),
 (706,59,23,'2017-11-07','2017-11-21','2017-11-21'),
 (707,184,14,'2017-11-09','2017-11-23','2017-11-23'),
 (708,121,97,'2017-11-13','2017-11-27','2017-11-27'),
 (709,79,24,'2017-11-14','2017-11-28','2017-11-28'),
 (710,32,62,'2017-11-14','2017-11-28','2017-11-28'),
 (711,91,96,'2017-11-16','2017-11-30','2017-11-30'),
 (712,100,98,'2017-11-20','2017-12-04','2017-12-04'),
 (713,136,58,'2017-11-20','2017-12-04','2017-12-04'),
 (714,70,88,'2017-11-20','2017-12-04','2017-12-04'),
 (715,126,20,'2017-11-22','2017-12-06','2017-12-06'),
 (716,44,33,'2017-11-22','2017-12-06','2017-12-06'),
 (717,172,17,'2017-11-23','2017-12-07','2017-12-07'),
 (718,40,7,'2017-11-24','2017-12-08','2017-12-08'),
 (719,162,75,'2017-11-24','2017-12-08','2017-12-08'),
 (720,46,100,'2017-11-24','2017-12-08','2017-12-08'),
 (721,61,60,'2017-11-25','2017-12-09','2017-12-09'),
 (722,10,10,'2017-11-25','2017-12-09','2017-12-09'),
 (723,147,27,'2017-11-26','2017-12-10','2017-12-10'),
 (724,73,70,'2017-12-01','2017-12-15','2017-12-15'),
 (725,169,29,'2017-12-01','2017-12-15','2017-12-15'),
 (726,44,34,'2017-12-02','2017-12-16','2017-12-16'),
 (727,182,74,'2017-12-02','2017-12-16','2017-12-16'),
 (728,105,77,'2017-12-04','2017-12-18','2017-12-18'),
 (729,113,72,'2017-12-04','2017-12-18','2017-12-18'),
 (730,74,86,'2017-12-05','2017-12-19','2017-12-19'),
 (731,198,96,'2017-12-05','2017-12-19','2017-12-19'),
 (732,186,28,'2017-12-06','2017-12-20','2017-12-20'),
 (733,133,48,'2017-12-06','2017-12-20','2017-12-20'),
 (734,104,34,'2017-12-06','2017-12-20','2017-12-20'),
 (735,35,60,'2017-12-06','2017-12-20','2017-12-20'),
 (736,91,80,'2017-12-07','2017-12-21','2017-12-21'),
 (737,188,21,'2017-12-07','2017-12-21','2017-12-21'),
 (738,33,49,'2017-12-07','2017-12-21','2017-12-21'),
 (739,113,18,'2017-12-07','2017-12-21','2017-12-21'),
 (740,111,63,'2017-12-08','2017-12-22','2017-12-22'),
 (741,112,57,'2017-12-09','2017-12-23','2017-12-23'),
 (742,135,84,'2017-12-11','2017-12-25','2017-12-25'),
 (743,5,20,'2017-12-11','2017-12-25','2017-12-25'),
 (744,156,8,'2017-12-12','2017-12-26','2017-12-26'),
 (745,112,39,'2017-12-12','2017-12-26','2017-12-26'),
 (746,160,16,'2017-12-13','2017-12-27','2017-12-27'),
 (747,156,11,'2017-12-13','2017-12-27','2017-12-27'),
 (748,132,22,'2017-12-13','2017-12-27','2017-12-27'),
 (749,172,25,'2017-12-13','2017-12-27','2017-12-27'),
 (750,161,1,'2017-12-16','2017-12-30','2017-12-30'),
 (751,81,21,'2017-12-17','2017-12-31','2017-12-31'),
 (752,45,43,'2017-12-18','2018-01-01','2018-01-01'),
 (753,192,99,'2017-12-18','2018-01-01','2018-01-01'),
 (754,89,17,'2017-12-18','2018-01-01','2018-01-01'),
 (755,41,9,'2017-12-19','2018-01-02','2018-01-02'),
 (756,42,84,'2017-12-19','2018-01-02','2018-01-02'),
 (757,177,91,'2017-12-22','2018-01-05','2018-01-05'),
 (758,48,73,'2017-12-22','2018-01-05','2018-01-05'),
 (759,13,18,'2017-12-22','2018-01-05','2018-01-05'),
 (760,71,25,'2017-12-22','2018-01-05','2018-01-05'),
 (761,86,61,'2017-12-22','2018-01-05','2018-01-05'),
 (762,180,62,'2017-12-23','2018-01-06','2018-01-06'),
 (763,197,23,'2017-12-23','2018-01-06','2018-01-06'),
 (764,167,75,'2017-12-23','2018-01-06','2018-01-06'),
 (765,100,69,'2017-12-25','2018-01-08','2018-01-08'),
 (766,94,59,'2017-12-26','2018-01-09','2018-01-09'),
 (767,109,51,'2017-12-27','2018-01-10','2018-01-10'),
 (768,176,25,'2017-12-27','2018-01-10','2018-01-10'),
 (769,95,72,'2017-12-28','2018-01-11','2018-01-11'),
 (770,113,28,'2017-12-28','2018-01-11','2018-01-11'),
 (771,15,99,'2017-12-29','2018-01-12','2018-01-12'),
 (772,55,4,'2017-12-29','2018-01-12','2018-01-12'),
 (773,175,18,'2017-12-30','2018-01-13','2018-01-13'),
 (774,87,63,'2018-01-01','2018-01-15','2018-01-15'),
 (775,140,9,'2018-01-01','2018-01-15','2018-01-15'),
 (776,176,8,'2018-01-01','2018-01-15','2018-01-15'),
 (777,80,18,'2018-01-03','2018-01-17','2018-01-17'),
 (778,77,14,'2018-01-04','2018-01-18','2018-01-18'),
 (779,119,30,'2018-01-04','2018-01-18','2018-01-18'),
 (780,10,87,'2018-01-04','2018-01-18','2018-01-18'),
 (781,19,27,'2018-01-04','2018-01-18','2018-01-18'),
 (782,2,11,'2018-01-05','2018-01-19','2018-01-19'),
 (783,60,96,'2018-01-06','2018-01-20','2018-01-20'),
 (784,173,74,'2018-01-06','2018-01-20','2018-01-20'),
 (785,96,62,'2018-01-06','2018-01-20','2018-01-20'),
 (786,112,13,'2018-01-07','2018-01-21','2018-01-21'),
 (787,141,32,'2018-01-07','2018-01-21','2018-01-21'),
 (788,198,90,'2018-01-08','2018-01-22','2018-01-22'),
 (789,154,100,'2018-01-09','2018-01-23','2018-01-23'),
 (790,39,89,'2018-01-09','2018-01-23','2018-01-23'),
 (791,193,77,'2018-01-10','2018-01-24','2018-01-24'),
 (792,48,24,'2018-01-11','2018-01-25','2018-01-25'),
 (793,108,26,'2018-01-13','2018-01-27','2018-01-27'),
 (794,159,67,'2018-01-13','2018-01-27','2018-01-27'),
 (795,79,8,'2018-01-14','2018-01-28','2018-01-28'),
 (796,74,70,'2018-01-14','2018-01-28','2018-01-28'),
 (797,97,10,'2018-01-14','2018-01-28','2018-01-28'),
 (798,137,26,'2018-01-15','2018-01-29','2018-01-29'),
 (799,72,43,'2018-01-15','2018-01-29','2018-01-29'),
 (800,58,66,'2018-01-16','2018-01-30','2018-01-30'),
 (801,155,70,'2018-01-16','2018-01-30','2018-01-30'),
 (802,1,84,'2018-01-17','2018-01-31','2018-01-31'),
 (803,161,89,'2018-01-18','2018-02-01','2018-02-01'),
 (804,106,92,'2018-01-19','2018-02-02','2018-02-02'),
 (805,15,36,'2018-01-20','2018-02-03','2018-02-03'),
 (806,102,37,'2018-01-22','2018-02-05','2018-02-05'),
 (807,43,40,'2018-01-22','2018-02-05','2018-02-05'),
 (808,97,62,'2018-01-23','2018-02-06','2018-02-06'),
 (809,26,22,'2018-01-23','2018-02-06','2018-02-06'),
 (810,58,74,'2018-01-23','2018-02-06','2018-02-06'),
 (811,27,18,'2018-01-25','2018-02-08','2018-02-08'),
 (812,82,65,'2018-01-25','2018-02-08','2018-02-08'),
 (813,181,57,'2018-01-26','2018-02-09','2018-02-09'),
 (814,98,82,'2018-01-26','2018-02-09','2018-02-09'),
 (815,41,42,'2018-01-28','2018-02-11','2018-02-11'),
 (816,149,28,'2018-01-29','2018-02-12','2018-02-12'),
 (817,60,81,'2018-01-31','2018-02-14','2018-02-14'),
 (818,112,35,'2018-02-01','2018-02-15','2018-02-15'),
 (819,17,74,'2018-02-03','2018-02-17','2018-02-17'),
 (820,87,63,'2018-02-03','2018-02-17','2018-02-17'),
 (821,192,61,'2018-02-03','2018-02-17','2018-02-17'),
 (822,41,86,'2018-02-03','2018-02-17','2018-02-17'),
 (823,106,100,'2018-02-04','2018-02-18','2018-02-18'),
 (824,111,21,'2018-02-06','2018-02-20','2018-02-20'),
 (825,197,4,'2018-02-07','2018-02-21','2018-02-21'),
 (826,147,75,'2018-02-07','2018-02-21','2018-02-21'),
 (827,192,48,'2018-02-08','2018-02-22','2018-02-22'),
 (828,19,58,'2018-02-09','2018-02-23','2018-02-23'),
 (829,8,67,'2018-02-09','2018-02-23','2018-02-23'),
 (830,13,27,'2018-02-13','2018-02-27','2018-02-27'),
 (831,110,71,'2018-02-15','2018-03-01','2018-03-01'),
 (832,185,40,'2018-02-15','2018-03-01','2018-03-01'),
 (833,9,30,'2018-02-16','2018-03-02','2018-03-02'),
 (834,87,91,'2018-02-17','2018-03-03','2018-03-03'),
 (835,66,40,'2018-02-18','2018-03-04','2018-03-04'),
 (836,58,38,'2018-02-18','2018-03-04','2018-03-04'),
 (837,164,45,'2018-02-21','2018-03-07','2018-03-07'),
 (838,173,93,'2018-02-22','2018-03-08','2018-03-08'),
 (839,10,60,'2018-02-22','2018-03-08','2018-03-08'),
 (840,125,98,'2018-02-23','2018-03-09','2018-03-09'),
 (841,64,51,'2018-02-24','2018-03-10','2018-03-10'),
 (842,115,47,'2018-02-25','2018-03-11','2018-03-11'),
 (843,180,44,'2018-02-27','2018-03-13','2018-03-13'),
 (844,38,89,'2018-02-27','2018-03-13','2018-03-13'),
 (845,61,71,'2018-02-28','2018-03-14','2018-03-14'),
 (846,49,13,'2018-03-01','2018-03-15','2018-03-15'),
 (847,78,6,'2018-03-01','2018-03-15','2018-03-15'),
 (848,191,6,'2018-03-03','2018-03-17','2018-03-17'),
 (849,51,12,'2018-03-03','2018-03-17','2018-03-17'),
 (850,133,39,'2018-03-04','2018-03-18','2018-03-18'),
 (851,32,24,'2018-03-05','2018-03-19','2018-03-19'),
 (852,44,49,'2018-03-05','2018-03-19','2018-03-19'),
 (853,47,38,'2018-03-09','2018-03-23','2018-03-23'),
 (854,26,20,'2018-03-11','2018-03-25','2018-03-25'),
 (855,187,71,'2018-03-12','2018-03-26','2018-03-26'),
 (856,98,28,'2018-03-13','2018-03-27','2018-03-27'),
 (857,100,28,'2018-03-14','2018-03-28','2018-03-28'),
 (858,52,72,'2018-03-14','2018-03-28','2018-03-28'),
 (859,194,70,'2018-03-15','2018-03-29','2018-03-29'),
 (860,129,93,'2018-03-15','2018-03-29','2018-03-29'),
 (861,59,27,'2018-03-17','2018-03-31','2018-03-31'),
 (862,16,14,'2018-03-18','2018-04-01','2018-04-01'),
 (863,142,49,'2018-03-19','2018-04-02','2018-04-02'),
 (864,137,82,'2018-03-19','2018-04-02','2018-04-02'),
 (865,188,90,'2018-03-19','2018-04-02','2018-04-02'),
 (866,197,38,'2018-03-20','2018-04-03','2018-04-03'),
 (867,137,60,'2018-03-20','2018-04-03','2018-04-03'),
 (868,27,90,'2018-03-21','2018-04-04','2018-04-04'),
 (869,49,90,'2018-03-24','2018-04-07','2018-04-07'),
 (870,7,99,'2018-03-24','2018-04-07','2018-04-07'),
 (871,157,32,'2018-03-24','2018-04-07','2018-04-07'),
 (872,110,24,'2018-03-25','2018-04-08','2018-04-08'),
 (873,124,23,'2018-03-25','2018-04-08','2018-04-08'),
 (874,184,85,'2018-03-26','2018-04-09','2018-04-09'),
 (875,41,93,'2018-03-26','2018-04-09','2018-04-09'),
 (876,123,12,'2018-03-30','2018-04-13','2018-04-13'),
 (877,19,2,'2018-03-31','2018-04-14','2018-04-14'),
 (878,139,37,'2018-04-02','2018-04-16','2018-04-16'),
 (879,138,68,'2018-04-02','2018-04-16','2018-04-16'),
 (880,189,31,'2018-04-03','2018-04-17','2018-04-17'),
 (881,59,39,'2018-04-04','2018-04-18','2018-04-18'),
 (882,148,32,'2018-04-06','2018-04-20','2018-04-20'),
 (883,45,78,'2018-04-06','2018-04-20','2018-04-20'),
 (884,132,14,'2018-04-11','2018-04-25','2018-04-25'),
 (885,158,99,'2018-04-12','2018-04-26','2018-04-26'),
 (886,4,63,'2018-04-12','2018-04-26','2018-04-26'),
 (887,182,35,'2018-04-12','2018-04-26','2018-04-26'),
 (888,55,17,'2018-04-13','2018-04-27','2018-04-27'),
 (889,90,60,'2018-04-13','2018-04-27','2018-04-27'),
 (890,23,1,'2018-04-13','2018-04-27','2018-04-27'),
 (891,195,28,'2018-04-13','2018-04-27','2018-04-27'),
 (892,25,84,'2018-04-13','2018-04-27','2018-04-27'),
 (893,25,2,'2018-04-15','2018-04-29','2018-04-29'),
 (894,169,59,'2018-04-15','2018-04-29','2018-04-29'),
 (895,135,65,'2018-04-17','2018-05-01','2018-05-01'),
 (896,39,83,'2018-04-18','2018-05-02','2018-05-02'),
 (897,116,50,'2018-04-18','2018-05-02','2018-05-02'),
 (898,151,60,'2018-04-18','2018-05-02','2018-05-02'),
 (899,183,46,'2018-04-18','2018-05-02','2018-05-02'),
 (900,183,97,'2018-04-18','2018-05-02','2018-05-02'),
 (901,118,15,'2018-04-19','2018-05-03','2018-05-03'),
 (902,1,89,'2018-04-21','2018-05-05','2018-05-05'),
 (903,102,14,'2018-04-21','2018-05-05','2018-05-05'),
 (904,166,53,'2018-04-22','2018-05-06','2018-05-06'),
 (905,42,24,'2018-04-23','2018-05-07','2018-05-07'),
 (906,174,40,'2018-04-24','2018-05-08','2018-05-08'),
 (907,38,71,'2018-04-24','2018-05-08','2018-05-08'),
 (908,12,75,'2018-04-28','2018-05-12','2018-05-12'),
 (909,177,10,'2018-04-28','2018-05-12','2018-05-12'),
 (910,57,7,'2018-04-30','2018-05-14','2018-05-14'),
 (911,81,95,'2018-04-30','2018-05-14','2018-05-14'),
 (912,78,25,'2018-04-30','2018-05-14','2018-05-14'),
 (913,172,22,'2018-04-30','2018-05-14','2018-05-14'),
 (914,36,61,'2018-05-01','2018-05-15','2018-05-15'),
 (915,102,8,'2018-05-01','2018-05-15','2018-05-15'),
 (916,102,68,'2018-05-02','2018-05-16','2018-05-16'),
 (917,143,64,'2018-05-02','2018-05-16','2018-05-16'),
 (918,27,28,'2018-05-02','2018-05-16','2018-05-16'),
 (919,172,98,'2018-05-02','2018-05-16','2018-05-16'),
 (920,192,51,'2018-05-03','2018-05-17','2018-05-17'),
 (921,113,43,'2018-05-03','2018-05-17','2018-05-17'),
 (922,127,96,'2018-05-04','2018-05-18','2018-05-18'),
 (923,89,86,'2018-05-06','2018-05-20','2018-05-20'),
 (924,86,58,'2018-05-06','2018-05-20','2018-05-20'),
 (925,112,91,'2018-05-06','2018-05-20','2018-05-20'),
 (926,73,91,'2018-05-08','2018-05-22','2018-05-22'),
 (927,37,59,'2018-05-08','2018-05-22','2018-05-22'),
 (928,81,2,'2018-05-09','2018-05-23','2018-05-23'),
 (929,111,56,'2018-05-12','2018-05-26','2018-05-26'),
 (930,23,68,'2018-05-13','2018-05-27','2018-05-27'),
 (931,55,84,'2018-05-14','2018-05-28','2018-05-28'),
 (932,26,13,'2018-05-14','2018-05-28','2018-05-28'),
 (933,155,1,'2018-05-16','2018-05-30','2018-05-30'),
 (934,144,31,'2018-05-16','2018-05-30','2018-05-30'),
 (935,1,65,'2018-05-16','2018-05-30','2018-05-30'),
 (936,31,78,'2018-05-18','2018-06-01','2018-06-01'),
 (937,117,70,'2018-05-20','2018-06-03','2018-06-03'),
 (938,178,78,'2018-05-21','2018-06-04','2018-06-04'),
 (939,130,95,'2018-05-22','2018-06-05','2018-06-05'),
 (940,159,51,'2018-05-24','2018-06-07','2018-06-07'),
 (941,24,13,'2018-05-25','2018-06-08','2018-06-08'),
 (942,46,90,'2018-05-25','2018-06-08','2018-06-08'),
 (943,98,44,'2018-05-25','2018-06-08','2018-06-08'),
 (944,128,59,'2018-05-26','2018-06-09','2018-06-09'),
 (945,68,30,'2018-05-26','2018-06-09','2018-06-09'),
 (946,40,12,'2018-05-27','2018-06-10','2018-06-10'),
 (947,118,89,'2018-05-28','2018-06-11','2018-06-11'),
 (948,149,46,'2018-05-28','2018-06-11','2018-06-11'),
 (949,143,17,'2018-05-28','2018-06-11','2018-06-11'),
 (950,124,36,'2018-05-28','2018-06-11','2018-06-11'),
 (951,39,44,'2018-05-28','2018-06-11','2018-06-11'),
 (952,143,27,'2018-05-31','2018-06-14','2018-06-14'),
 (953,139,8,'2018-06-01','2018-06-15','2018-06-15'),
 (954,129,61,'2018-06-02','2018-06-16','2018-06-16'),
 (955,136,3,'2018-06-03','2018-06-17','2018-06-17'),
 (956,168,10,'2018-06-04','2018-06-18','2018-06-18'),
 (957,35,51,'2018-06-05','2018-06-19','2018-06-19'),
 (958,96,99,'2018-06-06','2018-06-20','2018-06-20'),
 (959,59,21,'2018-06-06','2018-06-20','2018-06-20'),
 (960,76,86,'2018-06-07','2018-06-21','2018-06-21'),
 (961,192,40,'2018-06-08','2018-06-22','2018-06-22'),
 (962,99,99,'2018-06-10','2018-06-24','2018-06-24'),
 (963,200,66,'2018-06-11','2018-06-25','2018-06-25'),
 (964,3,61,'2018-06-11','2018-06-25','2018-06-25'),
 (965,156,2,'2018-06-11','2018-06-25','2018-06-25'),
 (966,35,48,'2018-06-11','2018-06-25','2018-06-25'),
 (967,153,24,'2018-06-12','2018-06-26','2018-06-26'),
 (968,112,58,'2018-06-14','2018-06-28','2018-06-28'),
 (969,53,73,'2018-06-15','2018-06-29','2018-06-29'),
 (970,60,15,'2018-06-15','2018-06-29','2018-06-29'),
 (971,81,38,'2018-06-16','2018-06-30','2018-06-30'),
 (972,106,8,'2018-06-16','2018-06-30','2018-06-30'),
 (973,121,15,'2018-06-16','2018-06-30','2018-06-30'),
 (974,114,97,'2018-06-17','2018-07-01','2018-07-01'),
 (975,49,67,'2018-06-18','2018-07-02','2018-07-02'),
 (976,55,10,'2018-06-18','2018-07-02','2018-07-02'),
 (977,8,47,'2018-06-19','2018-07-03','2018-07-03'),
 (978,105,93,'2018-06-20','2018-07-04','2018-07-04'),
 (979,173,13,'2018-06-21','2018-07-05','2018-07-05'),
 (980,198,41,'2018-06-21','2018-07-05','2018-07-05'),
 (981,170,10,'2018-06-23','2018-07-07','2018-07-07'),
 (982,112,72,'2018-06-23','2018-07-07','2018-07-07'),
 (983,88,84,'2018-06-24','2018-07-08','2018-07-08'),
 (984,36,19,'2018-06-26','2018-07-10','2018-07-10'),
 (985,142,90,'2018-06-26','2018-07-10','2018-07-10'),
 (986,70,48,'2018-06-28','2018-07-12','2018-07-12'),
 (987,116,57,'2018-06-29','2018-07-13','2018-07-13'),
 (988,170,21,'2018-06-29','2018-07-13','2018-07-13'),
 (989,78,8,'2018-06-30','2018-07-14','2018-07-14'),
 (990,38,1,'2018-07-01','2018-07-15','2018-07-15'),
 (991,78,70,'2018-07-02','2018-07-16','2018-07-16'),
 (992,68,80,'2018-07-02','2018-07-16','2018-07-16'),
 (993,175,65,'2018-07-03','2018-07-17','2018-07-17'),
 (994,54,59,'2018-07-04','2018-07-18','2018-07-18'),
 (995,161,77,'2018-07-05','2018-07-19','2018-07-19'),
 (996,160,15,'2018-07-05','2018-07-19','2018-07-19'),
 (997,122,15,'2018-07-06','2018-07-20','2018-07-20'),
 (998,81,49,'2018-07-06','2018-07-20','2018-07-20'),
 (999,11,75,'2018-07-07','2018-07-21','2018-07-21'),
 (1000,187,18,'2018-07-07','2018-07-21','2018-07-21'),
 (1001,169,78,'2018-07-08','2018-07-22','2018-07-22'),
 (1002,192,2,'2018-07-09','2018-07-23','2018-07-23'),
 (1003,40,2,'2018-07-09','2018-07-23','2018-07-23'),
 (1004,181,11,'2018-07-10','2018-07-24','2018-07-24'),
 (1005,139,2,'2018-07-10','2018-07-24','2018-07-24'),
 (1006,118,41,'2018-07-10','2018-07-24','2018-07-24'),
 (1007,135,68,'2018-07-11','2018-07-25','2018-07-25'),
 (1008,153,32,'2018-07-12','2018-07-26','2018-07-26'),
 (1009,119,14,'2018-07-12','2018-07-26','2018-07-26'),
 (1010,151,31,'2018-07-12','2018-07-26','2018-07-26'),
 (1011,79,81,'2018-07-13','2018-07-27','2018-07-27'),
 (1012,139,7,'2018-07-13','2018-07-27','2018-07-27'),
 (1013,4,85,'2018-07-13','2018-07-27','2018-07-27'),
 (1014,68,65,'2018-07-14','2018-07-28','2018-07-28'),
 (1015,185,51,'2018-07-14','2018-07-28','2018-07-28'),
 (1016,107,67,'2018-07-15','2018-07-29','2018-07-29'),
 (1017,180,46,'2018-07-17','2018-07-31','2018-07-31'),
 (1018,85,51,'2018-07-17','2018-07-31','2018-07-31'),
 (1019,40,3,'2018-07-18','2018-08-01','2018-08-01'),
 (1020,159,77,'2018-07-18','2018-08-01','2018-08-01'),
 (1021,145,92,'2018-07-18','2018-08-01','2018-08-01'),
 (1022,92,10,'2018-07-18','2018-08-01','2018-08-01'),
 (1023,122,70,'2018-07-19','2018-08-02','2018-08-02'),
 (1024,85,12,'2018-07-19','2018-08-02','2018-08-02'),
 (1025,10,46,'2018-07-21','2018-08-04','2018-08-04'),
 (1026,80,26,'2018-07-24','2018-08-07','2018-08-07'),
 (1027,45,37,'2018-07-25','2018-08-08','2018-08-08'),
 (1028,53,42,'2018-07-28','2018-08-11','2018-08-11'),
 (1029,196,30,'2018-07-28','2018-08-11','2018-08-11'),
 (1030,170,34,'2018-07-28','2018-08-11','2018-08-11'),
 (1031,4,76,'2018-07-29','2018-08-12','2018-08-12'),
 (1032,100,36,'2018-07-29','2018-08-12','2018-08-12'),
 (1033,172,80,'2018-07-29','2018-08-12','2018-08-12'),
 (1034,93,97,'2018-07-31','2018-08-14','2018-08-14'),
 (1035,171,95,'2018-07-31','2018-08-14','2018-08-14'),
 (1036,102,29,'2018-08-01','2018-08-15','2018-08-15'),
 (1037,69,30,'2018-08-02','2018-08-16','2018-08-16'),
 (1038,192,95,'2018-08-02','2018-08-16','2018-08-16'),
 (1039,190,77,'2018-08-02','2018-08-16','2018-08-16'),
 (1040,157,20,'2018-08-02','2018-08-16','2018-08-16'),
 (1041,82,76,'2018-08-03','2018-08-17','2018-08-17'),
 (1042,36,59,'2018-08-04','2018-08-18','2018-08-18'),
 (1043,8,25,'2018-08-05','2018-08-19','2018-08-19'),
 (1044,65,12,'2018-08-05','2018-08-19','2018-08-19'),
 (1045,35,13,'2018-08-05','2018-08-19','2018-08-19'),
 (1046,190,66,'2018-08-06','2018-08-20','2018-08-20'),
 (1047,142,19,'2018-08-06','2018-08-20','2018-08-20'),
 (1048,18,87,'2018-08-07','2018-08-21','2018-08-21'),
 (1049,126,63,'2018-08-08','2018-08-22','2018-08-22'),
 (1050,123,5,'2018-08-09','2018-08-23','2018-08-23'),
 (1051,146,15,'2018-08-09','2018-08-23','2018-08-23'),
 (1052,38,68,'2018-08-10','2018-08-24','2018-08-24'),
 (1053,120,26,'2018-08-11','2018-08-25','2018-08-25'),
 (1054,180,98,'2018-08-11','2018-08-25','2018-08-25'),
 (1055,140,17,'2018-08-11','2018-08-25','2018-08-25'),
 (1056,128,68,'2018-08-12','2018-08-26','2018-08-26'),
 (1057,5,71,'2018-08-13','2018-08-27','2018-08-27'),
 (1058,172,98,'2018-08-13','2018-08-27','2018-08-27'),
 (1059,8,11,'2018-08-14','2018-08-28','2018-08-28'),
 (1060,15,75,'2018-08-15','2018-08-29','2018-08-29'),
 (1061,101,12,'2018-08-16','2018-08-30','2018-08-30'),
 (1062,114,11,'2018-08-17','2018-08-31','2018-08-31'),
 (1063,21,79,'2018-08-17','2018-08-31','2018-08-31'),
 (1064,146,99,'2018-08-18','2018-09-01','2018-09-01'),
 (1065,136,17,'2018-08-18','2018-09-01','2018-09-01'),
 (1066,41,78,'2018-08-18','2018-09-01','2018-09-01'),
 (1067,155,85,'2018-08-18','2018-09-01','2018-09-01'),
 (1068,99,82,'2018-08-18','2018-09-01','2018-09-01'),
 (1069,109,85,'2018-08-19','2018-09-02','2018-09-02'),
 (1070,172,93,'2018-08-19','2018-09-02','2018-09-02'),
 (1071,11,34,'2018-08-21','2018-09-04','2018-09-04'),
 (1072,123,39,'2018-08-24','2018-09-07','2018-09-07'),
 (1073,39,29,'2018-08-25','2018-09-08','2018-09-08'),
 (1074,199,29,'2018-08-25','2018-09-08','2018-09-08'),
 (1075,80,71,'2018-08-26','2018-09-09','2018-09-09'),
 (1076,82,52,'2018-08-30','2018-09-13','2018-09-13'),
 (1077,79,42,'2018-08-31','2018-09-14','2018-09-14'),
 (1078,199,21,'2018-08-31','2018-09-14','2018-09-14'),
 (1079,103,49,'2018-09-01','2018-09-15','2018-09-15'),
 (1080,44,62,'2018-09-02','2018-09-16','2018-09-16'),
 (1081,192,84,'2018-09-02','2018-09-16','2018-09-16'),
 (1082,190,45,'2018-09-02','2018-09-16','2018-09-16'),
 (1083,12,92,'2018-09-03','2018-09-17','2018-09-17'),
 (1084,126,19,'2018-09-03','2018-09-17','2018-09-17'),
 (1085,14,4,'2018-09-04','2018-09-18','2018-09-18'),
 (1086,195,10,'2018-09-04','2018-09-18','2018-09-18'),
 (1087,123,45,'2018-09-04','2018-09-18','2018-09-18'),
 (1088,58,1,'2018-09-05','2018-09-19','2018-09-19'),
 (1089,179,90,'2018-09-05','2018-09-19','2018-09-19'),
 (1090,195,7,'2018-09-05','2018-09-19','2018-09-19'),
 (1091,109,80,'2018-09-08','2018-09-22','2018-09-22'),
 (1092,85,84,'2018-09-09','2018-09-23','2018-09-23'),
 (1093,149,75,'2018-09-09','2018-09-23','2018-09-23'),
 (1094,69,45,'2018-09-09','2018-09-23','2018-09-23'),
 (1095,181,54,'2018-09-10','2018-09-24','2018-09-24'),
 (1096,120,4,'2018-09-11','2018-09-25','2018-09-25'),
 (1097,55,94,'2018-09-11','2018-09-25','2018-09-25'),
 (1098,153,95,'2018-09-11','2018-09-25','2018-09-25'),
 (1099,39,92,'2018-09-12','2018-09-26','2018-09-26'),
 (1100,121,70,'2018-09-14','2018-09-28','2018-09-28'),
 (1101,69,84,'2018-09-15','2018-09-29','2018-09-29'),
 (1102,98,42,'2018-09-17','2018-10-01','2018-10-01'),
 (1103,182,41,'2018-09-18','2018-10-02','2018-10-02'),
 (1104,43,48,'2018-09-18','2018-10-02','2018-10-02'),
 (1105,161,5,'2018-09-19','2018-10-03','2018-10-03'),
 (1106,74,42,'2018-09-19','2018-10-03','2018-10-03'),
 (1107,107,60,'2018-09-20','2018-10-04','2018-10-04'),
 (1108,88,77,'2018-09-20','2018-10-04','2018-10-04'),
 (1109,166,1,'2018-09-21','2018-10-05','2018-10-05'),
 (1110,143,33,'2018-09-21','2018-10-05','2018-10-05'),
 (1111,9,62,'2018-09-22','2018-10-06','2018-10-06'),
 (1112,34,96,'2018-09-22','2018-10-06','2018-10-06'),
 (1113,36,42,'2018-09-23','2018-10-07','2018-10-07'),
 (1114,99,28,'2018-09-24','2018-10-08','2018-10-08'),
 (1115,59,5,'2018-09-24','2018-10-08','2018-10-08'),
 (1116,154,93,'2018-09-24','2018-10-08','2018-10-08'),
 (1117,85,9,'2018-09-24','2018-10-08','2018-10-08'),
 (1118,180,31,'2018-09-26','2018-10-10','2018-10-10'),
 (1119,152,28,'2018-09-26','2018-10-10','2018-10-10'),
 (1120,94,28,'2018-09-27','2018-10-11','2018-10-11'),
 (1121,152,35,'2018-09-27','2018-10-11','2018-10-11'),
 (1122,165,42,'2018-09-28','2018-10-12','2018-10-12'),
 (1123,63,13,'2018-09-28','2018-10-12','2018-10-12'),
 (1124,87,15,'2018-09-29','2018-10-13','2018-10-13'),
 (1125,105,17,'2018-09-29','2018-10-13','2018-10-13'),
 (1126,92,61,'2018-09-29','2018-10-13','2018-10-13'),
 (1127,55,67,'2018-09-30','2018-10-14','2018-10-14'),
 (1128,60,33,'2018-09-30','2018-10-14','2018-10-14'),
 (1129,33,33,'2018-09-30','2018-10-14','2018-10-14'),
 (1130,123,2,'2018-10-01','2018-10-15','2018-10-15'),
 (1131,41,72,'2018-10-04','2018-10-18','2018-10-18'),
 (1132,137,25,'2018-10-04','2018-10-18','2018-10-18'),
 (1133,7,24,'2018-10-05','2018-10-19','2018-10-19'),
 (1134,143,58,'2018-10-06','2018-10-20','2018-10-20'),
 (1135,167,95,'2018-10-06','2018-10-20','2018-10-20'),
 (1136,31,70,'2018-10-07','2018-10-21','2018-10-21'),
 (1137,167,65,'2018-10-07','2018-10-21','2018-10-21'),
 (1138,16,97,'2018-10-09','2018-10-23','2018-10-23'),
 (1139,200,17,'2018-10-10','2018-10-24','2018-10-24'),
 (1140,172,47,'2018-10-10','2018-10-24','2018-10-24'),
 (1141,200,62,'2018-10-10','2018-10-24','2018-10-24'),
 (1142,38,46,'2018-10-11','2018-10-25','2018-10-25'),
 (1143,151,9,'2018-10-12','2018-10-26','2018-10-26'),
 (1144,153,72,'2018-10-12','2018-10-26','2018-10-26'),
 (1145,14,89,'2018-10-12','2018-10-26','2018-10-26'),
 (1146,44,41,'2018-10-13','2018-10-27','2018-10-27'),
 (1147,50,87,'2018-10-13','2018-10-27','2018-10-27'),
 (1148,90,34,'2018-10-15','2018-10-29','2018-10-29'),
 (1149,34,29,'2018-10-15','2018-10-29','2018-10-29'),
 (1150,136,42,'2018-10-16','2018-10-30','2018-10-30'),
 (1151,144,87,'2018-10-16','2018-10-30','2018-10-30'),
 (1152,54,55,'2018-10-16','2018-10-30','2018-10-30'),
 (1153,171,67,'2018-10-17','2018-10-31','2018-10-31'),
 (1154,49,78,'2018-10-17','2018-10-31','2018-10-31'),
 (1155,34,92,'2018-10-19','2018-11-02','2018-11-02'),
 (1156,165,15,'2018-10-20','2018-11-03','2018-11-03'),
 (1157,117,39,'2018-10-20','2018-11-03','2018-11-03'),
 (1158,99,61,'2018-10-20','2018-11-03','2018-11-03'),
 (1159,122,30,'2018-10-20','2018-11-03','2018-11-03'),
 (1160,70,5,'2018-10-21','2018-11-04','2018-11-04'),
 (1161,117,70,'2018-10-22','2018-11-05','2018-11-05'),
 (1162,94,65,'2018-10-23','2018-11-06','2018-11-06'),
 (1163,141,66,'2018-10-23','2018-11-06','2018-11-06'),
 (1164,122,80,'2018-10-23','2018-11-06','2018-11-06'),
 (1165,23,86,'2018-10-23','2018-11-06','2018-11-06'),
 (1166,199,85,'2018-10-23','2018-11-06','2018-11-06'),
 (1167,180,63,'2018-10-24','2018-11-07','2018-11-07'),
 (1168,65,30,'2018-10-25','2018-11-08','2018-11-08'),
 (1169,199,26,'2018-10-25','2018-11-08','2018-11-08'),
 (1170,9,14,'2018-10-26','2018-11-09','2018-11-09'),
 (1171,29,75,'2018-10-28','2018-11-11','2018-11-11'),
 (1172,13,38,'2018-10-29','2018-11-12','2018-11-12'),
 (1173,171,30,'2018-10-30','2018-11-13','2018-11-13'),
 (1174,193,75,'2018-11-01','2018-11-15','2018-11-15'),
 (1175,166,85,'2018-11-01','2018-11-15','2018-11-15'),
 (1176,72,18,'2018-11-03','2018-11-17','2018-11-17'),
 (1177,76,37,'2018-11-04','2018-11-18','2018-11-18'),
 (1178,180,46,'2018-11-04','2018-11-18','2018-11-18'),
 (1179,42,19,'2018-11-05','2018-11-19','2018-11-19'),
 (1180,96,57,'2018-11-08','2018-11-22','2018-11-22'),
 (1181,179,38,'2018-11-09','2018-11-23','2018-11-23'),
 (1182,113,3,'2018-11-09','2018-11-23','2018-11-23'),
 (1183,148,90,'2018-11-11','2018-11-25','2018-11-25'),
 (1184,124,97,'2018-11-11','2018-11-25','2018-11-25'),
 (1185,71,57,'2018-11-11','2018-11-25','2018-11-25'),
 (1186,20,100,'2018-11-12','2018-11-26','2018-11-26'),
 (1187,191,9,'2018-11-12','2018-11-26','2018-11-26'),
 (1188,157,4,'2018-11-13','2018-11-27','2018-11-27'),
 (1189,183,43,'2018-11-13','2018-11-27','2018-11-27'),
 (1190,198,22,'2018-11-14','2018-11-28','2018-11-28'),
 (1191,128,6,'2018-11-15','2018-11-29','2018-11-29'),
 (1192,43,56,'2018-11-16','2018-11-30','2018-11-30'),
 (1193,177,2,'2018-11-16','2018-11-30','2018-11-30'),
 (1194,11,16,'2018-11-16','2018-11-30','2018-11-30'),
 (1195,117,58,'2018-11-18','2018-12-02','2018-12-02'),
 (1196,58,97,'2018-11-20','2018-12-04','2018-12-04'),
 (1197,5,52,'2018-11-20','2018-12-04','2018-12-04'),
 (1198,194,94,'2018-11-22','2018-12-06','2018-12-06'),
 (1199,31,79,'2018-11-22','2018-12-06','2018-12-06'),
 (1200,98,99,'2018-11-22','2018-12-06','2018-12-06'),
 (1201,85,73,'2018-11-22','2018-12-06','2018-12-06'),
 (1202,131,55,'2018-11-25','2018-12-09','2018-12-09'),
 (1203,170,55,'2018-11-26','2018-12-10','2018-12-10'),
 (1204,124,96,'2018-11-27','2018-12-11','2018-12-11'),
 (1205,103,92,'2018-11-28','2018-12-12','2018-12-12'),
 (1206,72,84,'2018-11-28','2018-12-12','2018-12-12'),
 (1207,30,98,'2018-11-30','2018-12-14','2018-12-14'),
 (1208,20,39,'2018-11-30','2018-12-14','2018-12-14'),
 (1209,152,87,'2018-11-30','2018-12-14','2018-12-14'),
 (1210,186,87,'2018-12-01','2018-12-15','2018-12-15'),
 (1211,45,76,'2018-12-01','2018-12-15','2018-12-15'),
 (1212,153,13,'2018-12-03','2018-12-17','2018-12-17'),
 (1213,129,19,'2018-12-03','2018-12-17','2018-12-17'),
 (1214,145,86,'2018-12-04','2018-12-18','2018-12-18'),
 (1215,27,48,'2018-12-04','2018-12-18','2018-12-18'),
 (1216,191,78,'2018-12-05','2018-12-19','2018-12-19'),
 (1217,35,78,'2018-12-06','2018-12-20','2018-12-20'),
 (1218,181,17,'2018-12-06','2018-12-20','2018-12-20'),
 (1219,101,89,'2018-12-10','2018-12-24','2018-12-24'),
 (1220,109,89,'2018-12-15','2018-12-29','2018-12-29'),
 (1221,187,10,'2018-12-16','2018-12-30','2018-12-30'),
 (1222,168,23,'2018-12-17','2018-12-31','2018-12-31'),
 (1223,26,98,'2018-12-17','2018-12-31','2018-12-31'),
 (1224,30,41,'2018-12-18','2019-01-01','2019-01-01'),
 (1225,5,48,'2018-12-19','2019-01-02','2019-01-02'),
 (1226,10,24,'2018-12-19','2019-01-02','2019-01-02'),
 (1227,113,39,'2018-12-19','2019-01-02','2019-01-02'),
 (1228,85,10,'2018-12-19','2019-01-02','2019-01-02'),
 (1229,107,51,'2018-12-20','2019-01-03','2019-01-03'),
 (1230,162,45,'2018-12-21','2019-01-04','2019-01-04'),
 (1231,4,30,'2018-12-21','2019-01-04','2019-01-04'),
 (1232,52,11,'2018-12-23','2019-01-06','2019-01-06'),
 (1233,189,49,'2018-12-27','2019-01-10','2019-01-10'),
 (1234,56,81,'2018-12-28','2019-01-11','2019-01-11'),
 (1235,192,100,'2018-12-29','2019-01-12','2019-01-12'),
 (1236,42,50,'2018-12-30','2019-01-13','2019-01-13'),
 (1237,140,13,'2018-12-31','2019-01-14','2019-01-14'),
 (1238,111,45,'2018-12-31','2019-01-14','2019-01-14'),
 (1239,147,52,'2019-01-01','2019-01-15','2019-01-15'),
 (1240,183,12,'2019-01-01','2019-01-15','2019-01-15'),
 (1241,114,18,'2019-01-02','2019-01-16','2019-01-16'),
 (1242,11,37,'2019-01-02','2019-01-16','2019-01-16'),
 (1243,184,75,'2019-01-03','2019-01-17','2019-01-17'),
 (1244,80,44,'2019-01-03','2019-01-17','2019-01-17'),
 (1245,46,61,'2019-01-05','2019-01-19','2019-01-19'),
 (1246,93,32,'2019-01-05','2019-01-19','2019-01-19'),
 (1247,187,54,'2019-01-06','2019-01-20','2019-01-20'),
 (1248,6,39,'2019-01-06','2019-01-20','2019-01-20'),
 (1249,193,79,'2019-01-07','2019-01-21','2019-01-21'),
 (1250,80,77,'2019-01-08','2019-01-22','2019-01-22'),
 (1251,85,89,'2019-01-08','2019-01-22','2019-01-22'),
 (1252,71,5,'2019-01-08','2019-01-22','2019-01-22'),
 (1253,160,49,'2019-01-09','2019-01-23','2019-01-23'),
 (1254,98,79,'2019-01-12','2019-01-26','2019-01-26'),
 (1255,126,55,'2019-01-14','2019-01-28','2019-01-28'),
 (1256,91,68,'2019-01-15','2019-01-29','2019-01-29'),
 (1257,115,92,'2019-01-15','2019-01-29','2019-01-29'),
 (1258,49,85,'2019-01-15','2019-01-29','2019-01-29'),
 (1259,191,32,'2019-01-16','2019-01-30','2019-01-30'),
 (1260,127,30,'2019-01-17','2019-01-31','2019-01-31'),
 (1261,193,54,'2019-01-18','2019-02-01','2019-02-01'),
 (1262,2,55,'2019-01-18','2019-02-01','2019-02-01'),
 (1263,78,55,'2019-01-18','2019-02-01','2019-02-01'),
 (1264,131,82,'2019-01-19','2019-02-02','2019-02-02'),
 (1265,87,68,'2019-01-20','2019-02-03','2019-02-03'),
 (1266,87,39,'2019-01-20','2019-02-03','2019-02-03'),
 (1267,61,4,'2019-01-22','2019-02-05','2019-02-05'),
 (1268,104,43,'2019-01-24','2019-02-07','2019-02-07'),
 (1269,170,11,'2019-01-24','2019-02-07','2019-02-07'),
 (1270,130,61,'2019-01-25','2019-02-08','2019-02-08'),
 (1271,127,63,'2019-01-26','2019-02-09','2019-02-09'),
 (1272,39,8,'2019-01-28','2019-02-11','2019-02-11'),
 (1273,163,79,'2019-01-28','2019-02-11','2019-02-11'),
 (1274,117,13,'2019-01-29','2019-02-12','2019-02-12'),
 (1275,34,37,'2019-01-29','2019-02-12','2019-02-12'),
 (1276,167,95,'2019-01-29','2019-02-12','2019-02-12'),
 (1277,95,11,'2019-01-30','2019-02-13','2019-02-13'),
 (1278,176,90,'2019-01-30','2019-02-13','2019-02-13'),
 (1279,14,29,'2019-01-31','2019-02-14','2019-02-14'),
 (1280,194,93,'2019-01-31','2019-02-14','2019-02-14'),
 (1281,152,76,'2019-01-31','2019-02-14','2019-02-14'),
 (1282,142,67,'2019-02-02','2019-02-16','2019-02-16'),
 (1283,60,13,'2019-02-04','2019-02-18','2019-02-18'),
 (1284,26,18,'2019-02-05','2019-02-19','2019-02-19'),
 (1285,71,89,'2019-02-06','2019-02-20','2019-02-20'),
 (1286,25,24,'2019-02-06','2019-02-20','2019-02-20'),
 (1287,45,55,'2019-02-07','2019-02-21','2019-02-21'),
 (1288,93,39,'2019-02-08','2019-02-22','2019-02-22'),
 (1289,142,9,'2019-02-09','2019-02-23','2019-02-23'),
 (1290,191,54,'2019-02-09','2019-02-23','2019-02-23'),
 (1291,10,86,'2019-02-09','2019-02-23','2019-02-23'),
 (1292,17,52,'2019-02-10','2019-02-24','2019-02-24'),
 (1293,172,79,'2019-02-10','2019-02-24','2019-02-24'),
 (1294,106,74,'2019-02-10','2019-02-24','2019-02-24'),
 (1295,190,64,'2019-02-11','2019-02-25','2019-02-25'),
 (1296,15,13,'2019-02-11','2019-02-25','2019-02-25'),
 (1297,16,34,'2019-02-12','2019-02-26','2019-02-26'),
 (1298,75,66,'2019-02-13','2019-02-27','2019-02-27'),
 (1299,140,40,'2019-02-14','2019-02-28','2019-02-28'),
 (1300,120,62,'2019-02-15','2019-03-01','2019-03-01'),
 (1301,87,72,'2019-02-16','2019-03-02','2019-03-02'),
 (1302,20,84,'2019-02-16','2019-03-02','2019-03-02'),
 (1303,159,8,'2019-02-17','2019-03-03','2019-03-03'),
 (1304,87,46,'2019-02-17','2019-03-03','2019-03-03'),
 (1305,104,71,'2019-02-18','2019-03-04','2019-03-04'),
 (1306,181,93,'2019-02-20','2019-03-06','2019-03-06'),
 (1307,88,63,'2019-02-20','2019-03-06','2019-03-06'),
 (1308,30,89,'2019-02-21','2019-03-07','2019-03-07'),
 (1309,185,37,'2019-02-21','2019-03-07','2019-03-07'),
 (1310,51,6,'2019-02-21','2019-03-07','2019-03-07'),
 (1311,54,5,'2019-02-21','2019-03-07','2019-03-07'),
 (1312,19,91,'2019-02-22','2019-03-08','2019-03-08'),
 (1313,131,52,'2019-02-22','2019-03-08','2019-03-08'),
 (1314,195,82,'2019-02-23','2019-03-09','2019-03-09'),
 (1315,119,35,'2019-02-23','2019-03-09','2019-03-09'),
 (1316,49,82,'2019-02-24','2019-03-10','2019-03-10'),
 (1317,145,73,'2019-02-24','2019-03-10','2019-03-10'),
 (1318,26,43,'2019-02-24','2019-03-10','2019-03-10'),
 (1319,74,4,'2019-02-24','2019-03-10','2019-03-10'),
 (1320,67,99,'2019-02-25','2019-03-11','2019-03-11'),
 (1321,165,52,'2019-02-25','2019-03-11','2019-03-11'),
 (1322,177,45,'2019-02-27','2019-03-13','2019-03-13'),
 (1323,114,38,'2019-02-27','2019-03-13','2019-03-13'),
 (1324,133,85,'2019-03-01','2019-03-15','2019-03-15'),
 (1325,2,13,'2019-03-01','2019-03-15','2019-03-15'),
 (1326,174,1,'2019-03-01','2019-03-15','2019-03-15'),
 (1327,27,62,'2019-03-03','2019-03-17','2019-03-17'),
 (1328,147,96,'2019-03-04','2019-03-18','2019-03-18'),
 (1329,153,49,'2019-03-06','2019-03-20','2019-03-20'),
 (1330,76,52,'2019-03-07','2019-03-21','2019-03-21'),
 (1331,166,66,'2019-03-10','2019-03-24','2019-03-24'),
 (1332,81,41,'2019-03-11','2019-03-25','2019-03-25'),
 (1333,65,26,'2019-03-11','2019-03-25','2019-03-25'),
 (1334,138,25,'2019-03-11','2019-03-25','2019-03-25'),
 (1335,120,100,'2019-03-12','2019-03-26','2019-03-26'),
 (1336,132,10,'2019-03-14','2019-03-28','2019-03-28'),
 (1337,70,58,'2019-03-14','2019-03-28','2019-03-28'),
 (1338,177,21,'2019-03-15','2019-03-29','2019-03-29'),
 (1339,117,17,'2019-03-16','2019-03-30','2019-03-30'),
 (1340,123,4,'2019-03-16','2019-03-30','2019-03-30'),
 (1341,126,82,'2019-03-17','2019-03-31','2019-03-31'),
 (1342,87,99,'2019-03-17','2019-03-31','2019-03-31'),
 (1343,101,31,'2019-03-18','2019-04-01','2019-04-01'),
 (1344,172,3,'2019-03-18','2019-04-01','2019-04-01'),
 (1345,30,38,'2019-03-19','2019-04-02','2019-04-02'),
 (1346,8,35,'2019-03-20','2019-04-03','2019-04-03'),
 (1347,11,78,'2019-03-23','2019-04-06','2019-04-06'),
 (1348,68,27,'2019-03-25','2019-04-08','2019-04-08'),
 (1349,147,29,'2019-03-25','2019-04-08','2019-04-08'),
 (1350,116,92,'2019-03-27','2019-04-10','2019-04-10'),
 (1351,49,60,'2019-03-29','2019-04-12','2019-04-12'),
 (1352,19,85,'2019-03-30','2019-04-13','2019-04-13'),
 (1353,64,17,'2019-04-02','2019-04-16','2019-04-16'),
 (1354,84,31,'2019-04-02','2019-04-16','2019-04-16'),
 (1355,109,78,'2019-04-03','2019-04-17','2019-04-17'),
 (1356,149,71,'2019-04-04','2019-04-18','2019-04-18'),
 (1357,185,75,'2019-04-04','2019-04-18','2019-04-18'),
 (1358,4,81,'2019-04-05','2019-04-19','2019-04-19'),
 (1359,5,39,'2019-04-06','2019-04-20','2019-04-20'),
 (1360,194,13,'2019-04-06','2019-04-20','2019-04-20'),
 (1361,15,93,'2019-04-08','2019-04-22','2019-04-22'),
 (1362,117,78,'2019-04-09','2019-04-23','2019-04-23'),
 (1363,196,19,'2019-04-09','2019-04-23','2019-04-23'),
 (1364,3,39,'2019-04-10','2019-04-24','2019-04-24'),
 (1365,99,86,'2019-04-10','2019-04-24','2019-04-24'),
 (1366,136,74,'2019-04-10','2019-04-24','2019-04-24'),
 (1367,12,26,'2019-04-11','2019-04-25','2019-04-25'),
 (1368,77,60,'2019-04-12','2019-04-26','2019-04-26'),
 (1369,90,42,'2019-04-12','2019-04-26','2019-04-26'),
 (1370,23,20,'2019-04-12','2019-04-26','2019-04-26'),
 (1371,14,54,'2019-04-13','2019-04-27','2019-04-27'),
 (1372,197,80,'2019-04-13','2019-04-27','2019-04-27'),
 (1373,65,6,'2019-04-13','2019-04-27','2019-04-27'),
 (1374,2,7,'2019-04-13','2019-04-27','2019-04-27'),
 (1375,158,75,'2019-04-14','2019-04-28','2019-04-28'),
 (1376,200,43,'2019-04-15','2019-04-29','2019-04-29'),
 (1377,135,60,'2019-04-17','2019-05-01','2019-05-01'),
 (1378,153,66,'2019-04-18','2019-05-02','2019-05-02'),
 (1379,185,55,'2019-04-20','2019-05-04','2019-05-04'),
 (1380,165,85,'2019-04-22','2019-05-06','2019-05-06'),
 (1381,23,65,'2019-04-22','2019-05-06','2019-05-06'),
 (1382,29,52,'2019-04-23','2019-05-07','2019-05-07'),
 (1383,168,87,'2019-04-24','2019-05-08','2019-05-08'),
 (1384,89,43,'2019-04-24','2019-05-08','2019-05-08'),
 (1385,108,37,'2019-04-25','2019-05-09','2019-05-09'),
 (1386,151,53,'2019-04-27','2019-05-11','2019-05-11'),
 (1387,180,35,'2019-04-28','2019-05-12','2019-05-12'),
 (1388,13,5,'2019-04-28','2019-05-12','2019-05-12'),
 (1389,139,57,'2019-04-29','2019-05-13','2019-05-13'),
 (1390,71,76,'2019-04-30','2019-05-14','2019-05-14'),
 (1391,59,43,'2019-04-30','2019-05-14','2019-05-14'),
 (1392,50,58,'2019-04-30','2019-05-14','2019-05-14'),
 (1393,143,39,'2019-04-30','2019-05-14','2019-05-14'),
 (1394,92,98,'2019-04-30','2019-05-14','2019-05-14'),
 (1395,36,66,'2019-05-02','2019-05-16','2019-05-16'),
 (1396,170,97,'2019-05-02','2019-05-16','2019-05-16'),
 (1397,19,60,'2019-05-02','2019-05-16','2019-05-16'),
 (1398,180,49,'2019-05-02','2019-05-16','2019-05-16'),
 (1399,135,84,'2019-05-04','2019-05-18','2019-05-18'),
 (1400,25,53,'2019-05-04','2019-05-18','2019-05-18'),
 (1401,126,24,'2019-05-05','2019-05-19','2019-05-19'),
 (1402,35,55,'2019-05-06','2019-05-20','2019-05-20'),
 (1403,96,3,'2019-05-06','2019-05-20','2019-05-20'),
 (1404,137,86,'2019-05-06','2019-05-20','2019-05-20'),
 (1405,61,17,'2019-05-07','2019-05-21','2019-05-21'),
 (1406,159,72,'2019-05-07','2019-05-21','2019-05-21'),
 (1407,5,7,'2019-05-09','2019-05-23','2019-05-23'),
 (1408,153,51,'2019-05-09','2019-05-23','2019-05-23'),
 (1409,137,1,'2019-05-10','2019-05-24','2019-05-24'),
 (1410,1,66,'2019-05-12','2019-05-26','2019-05-26'),
 (1411,120,46,'2019-05-12','2019-05-26','2019-05-26'),
 (1412,56,96,'2019-05-13','2019-05-27','2019-05-27'),
 (1413,163,80,'2019-05-13','2019-05-27','2019-05-27'),
 (1414,126,79,'2019-05-15','2019-05-29','2019-05-29'),
 (1415,16,14,'2019-05-15','2019-05-29','2019-05-29'),
 (1416,70,72,'2019-05-16','2019-05-30','2019-05-30'),
 (1417,125,74,'2019-05-17','2019-05-31','2019-05-31'),
 (1418,26,14,'2019-05-17','2019-05-31','2019-05-31'),
 (1419,80,59,'2019-05-18','2019-06-01','2019-06-01'),
 (1420,124,57,'2019-05-19','2019-06-02','2019-06-02'),
 (1421,131,10,'2019-05-20','2019-06-03','2019-06-03'),
 (1422,73,88,'2019-05-21','2019-06-04','2019-06-04'),
 (1423,46,49,'2019-05-22','2019-06-05','2019-06-05'),
 (1424,50,50,'2019-05-22','2019-06-05','2019-06-05'),
 (1425,196,84,'2019-05-23','2019-06-06','2019-06-06'),
 (1426,82,50,'2019-05-24','2019-06-07','2019-06-07'),
 (1427,49,22,'2019-05-25','2019-06-08','2019-06-08'),
 (1428,161,64,'2019-05-25','2019-06-08','2019-06-08'),
 (1429,150,33,'2019-05-26','2019-06-09','2019-06-09'),
 (1430,160,84,'2019-05-26','2019-06-09','2019-06-09'),
 (1431,137,99,'2019-05-27','2019-06-10','2019-06-10'),
 (1432,6,22,'2019-05-27','2019-06-10','2019-06-10'),
 (1433,155,98,'2019-05-28','2019-06-11','2019-06-11'),
 (1434,73,27,'2019-05-28','2019-06-11','2019-06-11'),
 (1435,26,4,'2019-05-30','2019-06-13','2019-06-13'),
 (1436,34,64,'2019-05-30','2019-06-13','2019-06-13'),
 (1437,177,96,'2019-05-30','2019-06-13','2019-06-13'),
 (1438,193,82,'2019-05-30','2019-06-13','2019-06-13'),
 (1439,162,91,'2019-05-30','2019-06-13','2019-06-13'),
 (1440,136,28,'2019-05-31','2019-06-14','2019-06-14'),
 (1441,139,94,'2019-05-31','2019-06-14','2019-06-14'),
 (1442,165,35,'2019-06-01','2019-06-15','2019-06-15'),
 (1443,4,44,'2019-06-01','2019-06-15','2019-06-15'),
 (1444,41,13,'2019-06-02','2019-06-16','2019-06-16'),
 (1445,17,30,'2019-06-02','2019-06-16','2019-06-16'),
 (1446,160,14,'2019-06-03','2019-06-17','2019-06-17'),
 (1447,3,48,'2019-06-03','2019-06-17','2019-06-17'),
 (1448,47,79,'2019-06-04','2019-06-18','2019-06-18'),
 (1449,14,60,'2019-06-05','2019-06-19','2019-06-19'),
 (1450,102,64,'2019-06-05','2019-06-19','2019-06-19'),
 (1451,7,63,'2019-06-05','2019-06-19','2019-06-19'),
 (1452,8,40,'2019-06-06','2019-06-20','2019-06-20'),
 (1453,98,82,'2019-06-07','2019-06-21','2019-06-21'),
 (1454,92,31,'2019-06-08','2019-06-22','2019-06-22'),
 (1455,180,63,'2019-06-08','2019-06-22','2019-06-22'),
 (1456,113,75,'2019-06-08','2019-06-22','2019-06-22'),
 (1457,93,38,'2019-06-08','2019-06-22','2019-06-22'),
 (1458,172,14,'2019-06-09','2019-06-23','2019-06-23'),
 (1459,153,24,'2019-06-10','2019-06-24','2019-06-24'),
 (1460,13,30,'2019-06-10','2019-06-24','2019-06-24'),
 (1461,83,47,'2019-06-10','2019-06-24','2019-06-24'),
 (1462,198,48,'2019-06-11','2019-06-25','2019-06-25'),
 (1463,91,24,'2019-06-12','2019-06-26','2019-06-26'),
 (1464,70,32,'2019-06-12','2019-06-26','2019-06-26'),
 (1465,194,10,'2019-06-13','2019-06-27','2019-06-27'),
 (1466,131,48,'2019-06-13','2019-06-27','2019-06-27'),
 (1467,42,10,'2019-06-14','2019-06-28','2019-06-28'),
 (1468,39,76,'2019-06-18','2019-07-02','2019-07-02'),
 (1469,111,8,'2019-06-18','2019-07-02','2019-07-02'),
 (1470,90,44,'2019-06-18','2019-07-02','2019-07-02'),
 (1471,136,3,'2019-06-19','2019-07-03','2019-07-03'),
 (1472,128,71,'2019-06-19','2019-07-03','2019-07-03'),
 (1473,84,4,'2019-06-19','2019-07-03','2019-07-03'),
 (1474,198,12,'2019-06-21','2019-07-05','2019-07-05'),
 (1475,95,40,'2019-06-21','2019-07-05','2019-07-05'),
 (1476,111,22,'2019-06-21','2019-07-05','2019-07-05'),
 (1477,30,54,'2019-06-23','2019-07-07','2019-07-07'),
 (1478,19,39,'2019-06-23','2019-07-07','2019-07-07'),
 (1479,160,18,'2019-06-25','2019-07-09','2019-07-09'),
 (1480,127,62,'2019-06-25','2019-07-09','2019-07-09'),
 (1481,93,23,'2019-06-26','2019-07-10','2019-07-10'),
 (1482,34,60,'2019-06-27','2019-07-11','2019-07-11'),
 (1483,106,47,'2019-06-28','2019-07-12','2019-07-12'),
 (1484,31,24,'2019-06-30','2019-07-14','2019-07-14'),
 (1485,128,22,'2019-06-30','2019-07-14','2019-07-14'),
 (1486,22,56,'2019-07-01','2019-07-15','2019-07-15'),
 (1487,166,85,'2019-07-02','2019-07-16','2019-07-16'),
 (1488,7,27,'2019-07-02','2019-07-16','2019-07-16'),
 (1489,179,87,'2019-07-02','2019-07-16','2019-07-16'),
 (1490,49,87,'2019-07-05','2019-07-19','2019-07-19'),
 (1491,31,87,'2019-07-05','2019-07-19','2019-07-19'),
 (1492,126,34,'2019-07-05','2019-07-19','2019-07-19'),
 (1493,12,58,'2019-07-05','2019-07-19','2019-07-19'),
 (1494,130,52,'2019-07-06','2019-07-20','2019-07-20'),
 (1495,59,47,'2019-07-06','2019-07-20','2019-07-20'),
 (1496,84,85,'2019-07-06','2019-07-20','2019-07-20'),
 (1497,126,13,'2019-07-07','2019-07-21','2019-07-21'),
 (1498,168,96,'2019-07-07','2019-07-21','2019-07-21'),
 (1499,180,98,'2019-07-08','2019-07-22','2019-07-22'),
 (1500,6,82,'2019-07-08','2019-07-22','2019-07-22'),
 (1501,167,20,'2019-07-09','2019-07-23','2019-07-23'),
 (1502,166,56,'2019-07-09','2019-07-23','2019-07-23'),
 (1503,157,4,'2019-07-10','2019-07-24','2019-07-24'),
 (1504,2,55,'2019-07-10','2019-07-24','2019-07-24'),
 (1505,112,43,'2019-07-10','2019-07-24','2019-07-24'),
 (1506,153,55,'2019-07-12','2019-07-26','2019-07-26'),
 (1507,25,9,'2019-07-12','2019-07-26','2019-07-26'),
 (1508,144,99,'2019-07-13','2019-07-27','2019-07-27'),
 (1509,96,71,'2019-07-13','2019-07-27','2019-07-27'),
 (1510,46,36,'2019-07-13','2019-07-27','2019-07-27'),
 (1511,193,40,'2019-07-13','2019-07-27','2019-07-27'),
 (1512,162,62,'2019-07-15','2019-07-29','2019-07-29'),
 (1513,47,89,'2019-07-15','2019-07-29','2019-07-29'),
 (1514,89,69,'2019-07-16','2019-07-30','2019-07-30'),
 (1515,105,80,'2019-07-17','2019-07-31','2019-07-31'),
 (1516,159,42,'2019-07-18','2019-08-01','2019-08-01'),
 (1517,78,95,'2019-07-18','2019-08-01','2019-08-01'),
 (1518,99,67,'2019-07-19','2019-08-02','2019-08-02'),
 (1519,2,77,'2019-07-19','2019-08-02','2019-08-02'),
 (1520,73,35,'2019-07-20','2019-08-03','2019-08-03'),
 (1521,35,93,'2019-07-20','2019-08-03','2019-08-03'),
 (1522,7,25,'2019-07-23','2019-08-06','2019-08-06'),
 (1523,74,52,'2019-07-23','2019-08-06','2019-08-06'),
 (1524,2,76,'2019-07-24','2019-08-07','2019-08-07'),
 (1525,67,17,'2019-07-24','2019-08-07','2019-08-07'),
 (1526,178,27,'2019-07-24','2019-08-07','2019-08-07'),
 (1527,157,12,'2019-07-25','2019-08-08','2019-08-08'),
 (1528,102,69,'2019-07-25','2019-08-08','2019-08-08'),
 (1529,119,13,'2019-07-26','2019-08-09','2019-08-09'),
 (1530,137,68,'2019-07-26','2019-08-09','2019-08-09'),
 (1531,87,62,'2019-07-28','2019-08-11','2019-08-11'),
 (1532,50,99,'2019-07-28','2019-08-11','2019-08-11'),
 (1533,166,73,'2019-07-30','2019-08-13','2019-08-13'),
 (1534,148,78,'2019-07-30','2019-08-13','2019-08-13'),
 (1535,109,49,'2019-07-30','2019-08-13','2019-08-13'),
 (1536,170,2,'2019-07-31','2019-08-14','2019-08-14'),
 (1537,93,13,'2019-07-31','2019-08-14','2019-08-14'),
 (1538,106,5,'2019-08-01','2019-08-15','2019-08-15'),
 (1539,60,76,'2019-08-02','2019-08-16','2019-08-16'),
 (1540,21,97,'2019-08-02','2019-08-16','2019-08-16'),
 (1541,97,68,'2019-08-03','2019-08-17','2019-08-17'),
 (1542,162,13,'2019-08-03','2019-08-17','2019-08-17'),
 (1543,93,36,'2019-08-04','2019-08-18','2019-08-18'),
 (1544,141,87,'2019-08-05','2019-08-19','2019-08-19'),
 (1545,154,20,'2019-08-05','2019-08-19','2019-08-19'),
 (1546,171,81,'2019-08-07','2019-08-21','2019-08-21'),
 (1547,44,25,'2019-08-07','2019-08-21','2019-08-21'),
 (1548,40,36,'2019-08-08','2019-08-22','2019-08-22'),
 (1549,133,20,'2019-08-10','2019-08-24','2019-08-24'),
 (1550,103,100,'2019-08-10','2019-08-24','2019-08-24'),
 (1551,166,62,'2019-08-11','2019-08-25','2019-08-25'),
 (1552,105,72,'2019-08-11','2019-08-25','2019-08-25'),
 (1553,180,74,'2019-08-12','2019-08-26','2019-08-26'),
 (1554,112,84,'2019-08-13','2019-08-27','2019-08-27'),
 (1555,42,92,'2019-08-14','2019-08-28','2019-08-28'),
 (1556,69,96,'2019-08-15','2019-08-29','2019-08-29'),
 (1557,101,49,'2019-08-16','2019-08-30','2019-08-30'),
 (1558,4,67,'2019-08-18','2019-09-01','2019-09-01'),
 (1559,27,35,'2019-08-18','2019-09-01','2019-09-01'),
 (1560,138,53,'2019-08-19','2019-09-02','2019-09-02'),
 (1561,147,13,'2019-08-21','2019-09-04','2019-09-04'),
 (1562,132,96,'2019-08-22','2019-09-05','2019-09-05'),
 (1563,9,100,'2019-08-23','2019-09-06','2019-09-06'),
 (1564,124,68,'2019-08-23','2019-09-06','2019-09-06'),
 (1565,27,59,'2019-08-24','2019-09-07','2019-09-07'),
 (1566,132,77,'2019-08-24','2019-09-07','2019-09-07'),
 (1567,73,70,'2019-08-26','2019-09-09','2019-09-09'),
 (1568,150,20,'2019-08-26','2019-09-09','2019-09-09'),
 (1569,196,73,'2019-08-27','2019-09-10','2019-09-10'),
 (1570,195,87,'2019-08-27','2019-09-10','2019-09-10'),
 (1571,33,10,'2019-08-27','2019-09-10','2019-09-10'),
 (1572,140,19,'2019-08-28','2019-09-11','2019-09-11'),
 (1573,43,85,'2019-08-29','2019-09-12','2019-09-12'),
 (1574,109,14,'2019-08-29','2019-09-12','2019-09-12'),
 (1575,17,50,'2019-08-30','2019-09-13','2019-09-13'),
 (1576,38,19,'2019-08-31','2019-09-14','2019-09-14'),
 (1577,158,100,'2019-09-01','2019-09-15','2019-09-15'),
 (1578,41,35,'2019-09-02','2019-09-16','2019-09-16'),
 (1579,109,23,'2019-09-05','2019-09-19','2019-09-19'),
 (1580,9,91,'2019-09-05','2019-09-19','2019-09-19'),
 (1581,113,1,'2019-09-05','2019-09-19','2019-09-19'),
 (1582,11,22,'2019-09-05','2019-09-19','2019-09-19'),
 (1583,191,83,'2019-09-06','2019-09-20','2019-09-20'),
 (1584,191,76,'2019-09-06','2019-09-20','2019-09-20'),
 (1585,39,96,'2019-09-07','2019-09-21','2019-09-21'),
 (1586,96,59,'2019-09-07','2019-09-21','2019-09-21'),
 (1587,48,10,'2019-09-08','2019-09-22','2019-09-22'),
 (1588,35,55,'2019-09-09','2019-09-23','2019-09-23'),
 (1589,190,88,'2019-09-11','2019-09-25','2019-09-25'),
 (1590,26,1,'2019-09-12','2019-09-26','2019-09-26'),
 (1591,100,61,'2019-09-14','2019-09-28','2019-09-28'),
 (1592,184,85,'2019-09-14','2019-09-28','2019-09-28'),
 (1593,172,98,'2019-09-15','2019-09-29','2019-09-29'),
 (1594,73,90,'2019-09-15','2019-09-29','2019-09-29'),
 (1595,49,99,'2019-09-16','2019-09-30','2019-09-30'),
 (1596,148,84,'2019-09-17','2019-10-01','2019-10-01'),
 (1597,5,77,'2019-09-17','2019-10-01','2019-10-01'),
 (1598,63,34,'2019-09-17','2019-10-01','2019-10-01'),
 (1599,133,81,'2019-09-19','2019-10-03','2019-10-03'),
 (1600,100,51,'2019-09-19','2019-10-03','2019-10-03'),
 (1601,99,64,'2019-09-20','2019-10-04','2019-10-04'),
 (1602,130,16,'2019-09-20','2019-10-04','2019-10-04'),
 (1603,61,47,'2019-09-20','2019-10-04','2019-10-04'),
 (1604,187,65,'2019-09-20','2019-10-04','2019-10-04'),
 (1605,106,83,'2019-09-21','2019-10-05','2019-10-05'),
 (1606,172,64,'2019-09-22','2019-10-06','2019-10-06'),
 (1607,119,46,'2019-09-22','2019-10-06','2019-10-06'),
 (1608,138,26,'2019-09-24','2019-10-08','2019-10-08'),
 (1609,95,63,'2019-09-24','2019-10-08','2019-10-08'),
 (1610,189,94,'2019-09-25','2019-10-09','2019-10-09'),
 (1611,66,4,'2019-09-25','2019-10-09','2019-10-09'),
 (1612,19,26,'2019-09-25','2019-10-09','2019-10-09'),
 (1613,72,61,'2019-09-26','2019-10-10','2019-10-10'),
 (1614,89,71,'2019-09-27','2019-10-11','2019-10-11'),
 (1615,65,54,'2019-09-27','2019-10-11','2019-10-11'),
 (1616,20,45,'2019-09-29','2019-10-13','2019-10-13'),
 (1617,77,27,'2019-09-29','2019-10-13','2019-10-13'),
 (1618,118,43,'2019-09-29','2019-10-13','2019-10-13'),
 (1619,37,87,'2019-09-30','2019-10-14','2019-10-14'),
 (1620,8,36,'2019-09-30','2019-10-14','2019-10-14'),
 (1621,25,60,'2019-09-30','2019-10-14','2019-10-14'),
 (1622,23,15,'2019-10-01','2019-10-15','2019-10-15'),
 (1623,114,13,'2019-10-03','2019-10-17','2019-10-17'),
 (1624,2,90,'2019-10-06','2019-10-20','2019-10-20'),
 (1625,163,98,'2019-10-07','2019-10-21','2019-10-21'),
 (1626,190,3,'2019-10-07','2019-10-21','2019-10-21'),
 (1627,37,24,'2019-10-11','2019-10-25','2019-10-25'),
 (1628,134,38,'2019-10-11','2019-10-25','2019-10-25'),
 (1629,41,70,'2019-10-11','2019-10-25','2019-10-25'),
 (1630,59,58,'2019-10-12','2019-10-26','2019-10-26'),
 (1631,108,54,'2019-10-13','2019-10-27','2019-10-27'),
 (1632,132,87,'2019-10-14','2019-10-28','2019-10-28'),
 (1633,11,95,'2019-10-14','2019-10-28','2019-10-28'),
 (1634,142,76,'2019-10-16','2019-10-30','2019-10-30'),
 (1635,18,10,'2019-10-17','2019-10-31','2019-10-31'),
 (1636,42,63,'2019-10-17','2019-10-31','2019-10-31'),
 (1637,26,16,'2019-10-17','2019-10-31','2019-10-31'),
 (1638,169,37,'2019-10-17','2019-10-31','2019-10-31'),
 (1639,82,58,'2019-10-18','2019-11-01','2019-11-01'),
 (1640,139,38,'2019-10-20','2019-11-03','2019-11-03'),
 (1641,11,20,'2019-10-21','2019-11-04','2019-11-04'),
 (1642,160,33,'2019-10-22','2019-11-05','2019-11-05'),
 (1643,148,11,'2019-10-24','2019-11-07','2019-11-07'),
 (1644,139,60,'2019-10-26','2019-11-09','2019-11-09'),
 (1645,45,19,'2019-10-26','2019-11-09','2019-11-09'),
 (1646,128,87,'2019-10-26','2019-11-09','2019-11-09'),
 (1647,125,90,'2019-10-27','2019-11-10','2019-11-10'),
 (1648,153,45,'2019-10-29','2019-11-12','2019-11-12'),
 (1649,187,47,'2019-10-29','2019-11-12','2019-11-12'),
 (1650,119,32,'2019-10-29','2019-11-12','2019-11-12'),
 (1651,73,29,'2019-10-31','2019-11-14','2019-11-14'),
 (1652,106,30,'2019-10-31','2019-11-14','2019-11-14'),
 (1653,185,78,'2019-10-31','2019-11-14','2019-11-14'),
 (1654,198,73,'2019-10-31','2019-11-14','2019-11-14'),
 (1655,114,17,'2019-11-02','2019-11-16','2019-11-16'),
 (1656,138,43,'2019-11-02','2019-11-16','2019-11-16'),
 (1657,18,87,'2019-11-03','2019-11-17','2019-11-17'),
 (1658,30,8,'2019-11-03','2019-11-17','2019-11-17'),
 (1659,82,11,'2019-11-03','2019-11-17','2019-11-17'),
 (1660,95,47,'2019-11-03','2019-11-17','2019-11-17'),
 (1661,67,15,'2019-11-06','2019-11-20','2019-11-20'),
 (1662,60,24,'2019-11-06','2019-11-20','2019-11-20'),
 (1663,71,16,'2019-11-07','2019-11-21','2019-11-21'),
 (1664,156,50,'2019-11-08','2019-11-22','2019-11-22'),
 (1665,21,76,'2019-11-09','2019-11-23','2019-11-23'),
 (1666,134,37,'2019-11-10','2019-11-24','2019-11-24'),
 (1667,69,80,'2019-11-11','2019-11-25','2019-11-25'),
 (1668,196,74,'2019-11-11','2019-11-25','2019-11-25'),
 (1669,19,14,'2019-11-12','2019-11-26','2019-11-26'),
 (1670,190,26,'2019-11-12','2019-11-26','2019-11-26'),
 (1671,124,27,'2019-11-13','2019-11-27','2019-11-27'),
 (1672,192,87,'2019-11-13','2019-11-27','2019-11-27'),
 (1673,19,9,'2019-11-14','2019-11-28','2019-11-28'),
 (1674,44,41,'2019-11-14','2019-11-28','2019-11-28'),
 (1675,65,91,'2019-11-14','2019-11-28','2019-11-28'),
 (1676,186,12,'2019-11-14','2019-11-28','2019-11-28'),
 (1677,189,25,'2019-11-15','2019-11-29','2019-11-29'),
 (1678,73,53,'2019-11-16','2019-11-30','2019-11-30'),
 (1679,49,9,'2019-11-16','2019-11-30','2019-11-30'),
 (1680,106,33,'2019-11-17','2019-12-01','2019-12-01'),
 (1681,129,72,'2019-11-17','2019-12-01','2019-12-01'),
 (1682,60,33,'2019-11-17','2019-12-01','2019-12-01'),
 (1683,178,6,'2019-11-19','2019-12-03','2019-12-03'),
 (1684,7,35,'2019-11-19','2019-12-03','2019-12-03'),
 (1685,28,31,'2019-11-20','2019-12-04','2019-12-04'),
 (1686,1,54,'2019-11-20','2019-12-04','2019-12-04'),
 (1687,162,77,'2019-11-20','2019-12-04','2019-12-04'),
 (1688,99,2,'2019-11-21','2019-12-05','2019-12-05'),
 (1689,54,23,'2019-11-21','2019-12-05','2019-12-05'),
 (1690,40,75,'2019-11-21','2019-12-05','2019-12-05'),
 (1691,135,62,'2019-11-22','2019-12-06','2019-12-06'),
 (1692,159,81,'2019-11-25','2019-12-09','2019-12-09'),
 (1693,157,33,'2019-11-26','2019-12-10','2019-12-10'),
 (1694,115,77,'2019-11-26','2019-12-10','2019-12-10'),
 (1695,155,97,'2019-11-26','2019-12-10','2019-12-10'),
 (1696,85,46,'2019-11-28','2019-12-12','2019-12-12'),
 (1697,167,98,'2019-11-30','2019-12-14','2019-12-14'),
 (1698,53,65,'2019-11-30','2019-12-14','2019-12-14'),
 (1699,58,55,'2019-12-01','2019-12-15','2019-12-15'),
 (1700,177,22,'2019-12-01','2019-12-15','2019-12-15'),
 (1701,74,63,'2019-12-01','2019-12-15','2019-12-15'),
 (1702,41,71,'2019-12-02','2019-12-16','2019-12-16'),
 (1703,147,72,'2019-12-03','2019-12-17','2019-12-17'),
 (1704,180,76,'2019-12-03','2019-12-17','2019-12-17'),
 (1705,195,75,'2019-12-04','2019-12-18','2019-12-18'),
 (1706,157,88,'2019-12-04','2019-12-18','2019-12-18'),
 (1707,163,74,'2019-12-04','2019-12-18','2019-12-18'),
 (1708,136,33,'2019-12-05','2019-12-19','2019-12-19'),
 (1709,182,25,'2019-12-05','2019-12-19','2019-12-19'),
 (1710,171,25,'2019-12-05','2019-12-19','2019-12-19'),
 (1711,154,5,'2019-12-06','2019-12-20','2019-12-20'),
 (1712,105,75,'2019-12-06','2019-12-20','2019-12-20'),
 (1713,194,7,'2019-12-07','2019-12-21','2019-12-21'),
 (1714,147,53,'2019-12-07','2019-12-21','2019-12-21'),
 (1715,7,80,'2019-12-08','2019-12-22','2019-12-22'),
 (1716,99,17,'2019-12-10','2019-12-24','2019-12-24'),
 (1717,93,84,'2019-12-12','2019-12-26','2019-12-26'),
 (1718,106,82,'2019-12-13','2019-12-27','2019-12-27'),
 (1719,110,7,'2019-12-13','2019-12-27','2019-12-27'),
 (1720,29,72,'2019-12-13','2019-12-27','2019-12-27'),
 (1721,101,99,'2019-12-13','2019-12-27','2019-12-27'),
 (1722,69,18,'2019-12-13','2019-12-27','2019-12-27'),
 (1723,56,21,'2019-12-14','2019-12-28','2019-12-28'),
 (1724,186,82,'2019-12-15','2019-12-29','2019-12-29'),
 (1725,16,1,'2019-12-16','2019-12-30','2019-12-30'),
 (1726,55,86,'2019-12-17','2019-12-31','2019-12-31'),
 (1727,151,43,'2019-12-17','2019-12-31','2019-12-31'),
 (1728,107,71,'2019-12-17','2019-12-31','2019-12-31'),
 (1729,112,46,'2019-12-18','2020-01-01','2020-01-01'),
 (1730,52,30,'2019-12-19','2020-01-02','2020-01-02'),
 (1731,100,86,'2019-12-20','2020-01-03','2020-01-03'),
 (1732,187,73,'2019-12-20','2020-01-03','2020-01-03'),
 (1733,14,51,'2019-12-21','2020-01-04','2020-01-04'),
 (1734,185,88,'2019-12-22','2020-01-05','2020-01-05'),
 (1735,87,97,'2019-12-22','2020-01-05','2020-01-05'),
 (1736,9,44,'2019-12-23','2020-01-06','2020-01-06'),
 (1737,79,8,'2019-12-24','2020-01-07','2020-01-07'),
 (1738,80,29,'2019-12-25','2020-01-08','2020-01-08'),
 (1739,55,31,'2019-12-25','2020-01-08','2020-01-08'),
 (1740,56,23,'2019-12-26','2020-01-09','2020-01-09'),
 (1741,191,8,'2019-12-29','2020-01-12','2020-01-12'),
 (1742,65,84,'2019-12-30','2020-01-13','2020-01-13'),
 (1743,127,39,'2019-12-31','2020-01-14','2020-01-14'),
 (1744,112,77,'2020-01-02','2020-01-16','2020-01-16'),
 (1745,180,44,'2020-01-04','2020-01-18','2020-01-18'),
 (1746,142,71,'2020-01-05','2020-01-19','2020-01-19'),
 (1747,30,16,'2020-01-05','2020-01-19','2020-01-19'),
 (1748,104,29,'2020-01-05','2020-01-19','2020-01-19'),
 (1749,133,93,'2020-01-06','2020-01-20','2020-01-20'),
 (1750,196,88,'2020-01-07','2020-01-21','2020-01-21'),
 (1751,135,24,'2020-01-07','2020-01-21','2020-01-21'),
 (1752,180,28,'2020-01-07','2020-01-21','2020-01-21'),
 (1753,87,65,'2020-01-08','2020-01-22','2020-01-22'),
 (1754,86,3,'2020-01-08','2020-01-22','2020-01-22'),
 (1755,149,14,'2020-01-08','2020-01-22','2020-01-22'),
 (1756,71,40,'2020-01-08','2020-01-22','2020-01-22'),
 (1757,169,30,'2020-01-09','2020-01-23','2020-01-23'),
 (1758,55,81,'2020-01-10','2020-01-24','2020-01-24'),
 (1759,122,39,'2020-01-11','2020-01-25','2020-01-25'),
 (1760,130,27,'2020-01-12','2020-01-26','2020-01-26'),
 (1761,137,55,'2020-01-13','2020-01-27','2020-01-27'),
 (1762,101,59,'2020-01-14','2020-01-28','2020-01-28'),
 (1763,93,82,'2020-01-14','2020-01-28','2020-01-28'),
 (1764,143,54,'2020-01-15','2020-01-29','2020-01-29'),
 (1765,17,51,'2020-01-15','2020-01-29','2020-01-29'),
 (1766,76,41,'2020-01-16','2020-01-30','2020-01-30'),
 (1767,9,87,'2020-01-16','2020-01-30','2020-01-30'),
 (1768,118,71,'2020-01-17','2020-01-31','2020-01-31'),
 (1769,110,66,'2020-01-17','2020-01-31','2020-01-31'),
 (1770,98,1,'2020-01-18','2020-02-01','2020-02-01'),
 (1771,174,79,'2020-01-22','2020-02-05','2020-02-05'),
 (1772,97,23,'2020-01-23','2020-02-06','2020-02-06'),
 (1773,154,54,'2020-01-24','2020-02-07','2020-02-07'),
 (1774,80,2,'2020-01-25','2020-02-08','2020-02-08'),
 (1775,19,77,'2020-01-25','2020-02-08','2020-02-08'),
 (1776,65,88,'2020-01-26','2020-02-09','2020-02-09'),
 (1777,20,22,'2020-01-27','2020-02-10','2020-02-10'),
 (1778,59,41,'2020-01-28','2020-02-11','2020-02-11'),
 (1779,140,59,'2020-01-28','2020-02-11','2020-02-11'),
 (1780,197,57,'2020-01-29','2020-02-12','2020-02-12'),
 (1781,40,21,'2020-01-29','2020-02-12','2020-02-12'),
 (1782,68,9,'2020-01-30','2020-02-13','2020-02-13'),
 (1783,27,37,'2020-01-30','2020-02-13','2020-02-13'),
 (1784,16,89,'2020-01-30','2020-02-13','2020-02-13'),
 (1785,159,89,'2020-01-30','2020-02-13','2020-02-13'),
 (1786,73,1,'2020-01-31','2020-02-14','2020-02-14'),
 (1787,138,18,'2020-01-31','2020-02-14','2020-02-14'),
 (1788,91,32,'2020-02-01','2020-02-15','2020-02-15'),
 (1789,170,7,'2020-02-01','2020-02-15','2020-02-15'),
 (1790,70,30,'2020-02-03','2020-02-17','2020-02-17'),
 (1791,154,33,'2020-02-03','2020-02-17','2020-02-17'),
 (1792,181,77,'2020-02-03','2020-02-17','2020-02-17'),
 (1793,15,79,'2020-02-05','2020-02-19','2020-02-19'),
 (1794,8,75,'2020-02-06','2020-02-20','2020-02-20'),
 (1795,157,62,'2020-02-07','2020-02-21','2020-02-21'),
 (1796,37,90,'2020-02-07','2020-02-21','2020-02-21'),
 (1797,20,53,'2020-02-07','2020-02-21','2020-02-21'),
 (1798,63,83,'2020-02-07','2020-02-21','2020-02-21'),
 (1799,161,54,'2020-02-08','2020-02-22','2020-02-22'),
 (1800,141,98,'2020-02-08','2020-02-22',NULL),
 (1801,192,87,'2020-02-09','2020-02-23','2020-02-23'),
 (1802,125,40,'2020-02-10','2020-02-24','2020-02-24'),
 (1803,182,69,'2020-02-10','2020-02-24','2020-02-24'),
 (1804,51,40,'2020-02-10','2020-02-24','2020-02-24'),
 (1805,144,49,'2020-02-12','2020-02-26','2020-02-26'),
 (1806,42,22,'2020-02-12','2020-02-26','2020-02-26'),
 (1807,55,35,'2020-02-12','2020-02-26','2020-02-26'),
 (1808,64,51,'2020-02-12','2020-02-26','2020-02-26'),
 (1809,152,56,'2020-02-13','2020-02-27','2020-02-27'),
 (1810,128,43,'2020-02-14','2020-02-28','2020-02-28'),
 (1811,7,52,'2020-02-14','2020-02-28','2020-02-28'),
 (1812,89,38,'2020-02-15','2020-02-29','2020-02-29'),
 (1813,43,72,'2020-02-15','2020-02-29','2020-02-29'),
 (1814,111,41,'2020-02-16','2020-03-01','2020-03-01'),
 (1815,62,21,'2020-02-16','2020-03-01','2020-03-01'),
 (1816,94,42,'2020-02-16','2020-03-01','2020-03-01'),
 (1817,178,62,'2020-02-18','2020-03-03','2020-03-03'),
 (1818,50,24,'2020-02-19','2020-03-04','2020-03-04'),
 (1819,7,12,'2020-02-20','2020-03-05','2020-03-05'),
 (1820,92,55,'2020-02-20','2020-03-05','2020-03-05'),
 (1821,58,20,'2020-02-21','2020-03-06','2020-03-06'),
 (1822,177,92,'2020-02-21','2020-03-06','2020-03-06'),
 (1823,135,23,'2020-02-23','2020-03-08','2020-03-08'),
 (1824,29,27,'2020-02-24','2020-03-09','2020-03-09'),
 (1825,96,82,'2020-02-27','2020-03-12','2020-03-12'),
 (1826,48,57,'2020-02-28','2020-03-13','2020-03-13'),
 (1827,10,41,'2020-02-28','2020-03-13','2020-03-13'),
 (1828,11,39,'2020-02-28','2020-03-13','2020-03-13'),
 (1829,199,90,'2020-02-28','2020-03-13','2020-03-13'),
 (1830,116,16,'2020-02-28','2020-03-13','2020-03-13'),
 (1831,97,62,'2020-03-01','2020-03-15','2020-03-15'),
 (1832,172,72,'2020-03-03','2020-03-17','2020-03-17'),
 (1833,55,98,'2020-03-03','2020-03-17','2020-03-17'),
 (1834,70,20,'2020-03-04','2020-03-18','2020-03-18'),
 (1835,71,13,'2020-03-04','2020-03-18','2020-03-18'),
 (1836,89,82,'2020-03-06','2020-03-20','2020-03-20'),
 (1837,88,32,'2020-03-06','2020-03-20','2020-03-20'),
 (1838,56,23,'2020-03-07','2020-03-21','2020-03-21'),
 (1839,133,82,'2020-03-08','2020-03-22','2020-03-22'),
 (1840,40,82,'2020-03-08','2020-03-22','2020-03-22'),
 (1841,164,88,'2020-03-08','2020-03-22','2020-03-22'),
 (1842,193,58,'2020-03-08','2020-03-22','2020-03-22'),
 (1843,50,5,'2020-03-09','2020-03-23','2020-03-23'),
 (1844,135,32,'2020-03-12','2020-03-26','2020-03-26'),
 (1845,149,13,'2020-03-13','2020-03-27','2020-03-27'),
 (1846,142,63,'2020-03-13','2020-03-27','2020-03-27'),
 (1847,148,56,'2020-03-13','2020-03-27','2020-03-27'),
 (1848,34,14,'2020-03-14','2020-03-28','2020-03-28'),
 (1849,15,95,'2020-03-14','2020-03-28','2020-03-28'),
 (1850,67,26,'2020-03-15','2020-03-29','2020-03-29'),
 (1851,64,37,'2020-03-15','2020-03-29','2020-03-29'),
 (1852,169,28,'2020-03-16','2020-03-30','2020-03-30'),
 (1853,126,65,'2020-03-16','2020-03-30','2020-03-30'),
 (1854,118,15,'2020-03-16','2020-03-30','2020-03-30'),
 (1855,131,47,'2020-03-16','2020-03-30','2020-03-30'),
 (1856,101,65,'2020-03-17','2020-03-31','2020-03-31'),
 (1857,119,23,'2020-03-18','2020-04-01','2020-04-01'),
 (1858,155,15,'2020-03-19','2020-04-02','2020-04-02'),
 (1859,71,56,'2020-03-20','2020-04-03','2020-04-03'),
 (1860,186,40,'2020-03-21','2020-04-04','2020-04-04'),
 (1861,57,2,'2020-03-21','2020-04-04','2020-04-04'),
 (1862,106,30,'2020-03-21','2020-04-04','2020-04-04'),
 (1863,15,64,'2020-03-22','2020-04-05','2020-04-05'),
 (1864,76,1,'2020-03-24','2020-04-07',NULL),
 (1865,103,61,'2020-03-24','2020-04-07','2020-04-07'),
 (1866,144,9,'2020-03-24','2020-04-07','2020-04-07'),
 (1867,69,55,'2020-03-25','2020-04-08','2020-04-08'),
 (1868,181,34,'2020-03-25','2020-04-08','2020-04-08'),
 (1869,80,22,'2020-03-26','2020-04-09','2020-04-09'),
 (1870,27,80,'2020-03-27','2020-04-10','2020-04-10'),
 (1871,197,76,'2020-03-27','2020-04-10','2020-04-10'),
 (1872,158,43,'2020-03-28','2020-04-11','2020-04-11'),
 (1873,123,7,'2020-03-28','2020-04-11','2020-04-11'),
 (1874,70,17,'2020-03-29','2020-04-12','2020-04-12'),
 (1875,34,35,'2020-03-30','2020-04-13','2020-04-13'),
 (1876,153,50,'2020-03-30','2020-04-13','2020-04-13'),
 (1877,159,77,'2020-03-31','2020-04-14','2020-04-14'),
 (1878,189,32,'2020-03-31','2020-04-14','2020-04-14'),
 (1879,1,65,'2020-04-01','2020-04-15','2020-04-15'),
 (1880,30,89,'2020-04-01','2020-04-15','2020-04-15'),
 (1881,168,20,'2020-04-02','2020-04-16','2020-04-16'),
 (1882,126,71,'2020-04-03','2020-04-17','2020-04-17'),
 (1883,185,55,'2020-04-03','2020-04-17','2020-04-17'),
 (1884,144,20,'2020-04-04','2020-04-18','2020-04-18'),
 (1885,191,26,'2020-04-04','2020-04-18','2020-04-18'),
 (1886,84,19,'2020-04-04','2020-04-18','2020-04-18'),
 (1887,155,48,'2020-04-05','2020-04-19','2020-04-19'),
 (1888,43,20,'2020-04-05','2020-04-19','2020-04-19'),
 (1889,78,54,'2020-04-06','2020-04-20','2020-04-20'),
 (1890,80,38,'2020-04-08','2020-04-22','2020-04-22'),
 (1891,107,10,'2020-04-09','2020-04-23','2020-04-23'),
 (1892,110,54,'2020-04-09','2020-04-23','2020-04-23'),
 (1893,30,27,'2020-04-09','2020-04-23','2020-04-23'),
 (1894,91,7,'2020-04-10','2020-04-24','2020-04-24'),
 (1895,88,64,'2020-04-12','2020-04-26','2020-04-26'),
 (1896,170,44,'2020-04-13','2020-04-27','2020-04-27'),
 (1897,37,60,'2020-04-14','2020-04-28','2020-04-28'),
 (1898,46,90,'2020-04-15','2020-04-29','2020-04-29'),
 (1899,145,26,'2020-04-15','2020-04-29','2020-04-29'),
 (1900,34,33,'2020-04-15','2020-04-29','2020-04-29'),
 (1901,84,73,'2020-04-15','2020-04-29','2020-04-29'),
 (1902,7,42,'2020-04-17','2020-05-01','2020-05-01'),
 (1903,146,13,'2020-04-17','2020-05-01','2020-05-01'),
 (1904,153,63,'2020-04-19','2020-05-03','2020-05-03'),
 (1905,174,84,'2020-04-19','2020-05-03','2020-05-03'),
 (1906,130,25,'2020-04-20','2020-05-04','2020-05-04'),
 (1907,21,85,'2020-04-21','2020-05-05','2020-05-05'),
 (1908,51,7,'2020-04-21','2020-05-05','2020-05-05'),
 (1909,171,22,'2020-04-23','2020-05-07','2020-05-07'),
 (1910,28,38,'2020-04-23','2020-05-07','2020-05-07'),
 (1911,50,38,'2020-04-24','2020-05-08',NULL),
 (1912,166,97,'2020-04-25','2020-05-09','2020-05-09'),
 (1913,91,52,'2020-04-26','2020-05-10','2020-05-10'),
 (1914,118,22,'2020-04-26','2020-05-10','2020-05-10'),
 (1915,192,50,'2020-04-27','2020-05-11','2020-05-11'),
 (1916,117,83,'2020-04-27','2020-05-11','2020-05-11'),
 (1917,177,43,'2020-04-27','2020-05-11','2020-05-11'),
 (1918,156,27,'2020-04-27','2020-05-11','2020-05-11'),
 (1919,162,94,'2020-04-27','2020-05-11','2020-05-11'),
 (1920,8,58,'2020-04-27','2020-05-11','2020-05-11'),
 (1921,122,82,'2020-04-29','2020-05-13','2020-05-13'),
 (1922,188,59,'2020-04-30','2020-05-14','2020-05-14'),
 (1923,192,68,'2020-05-01','2020-05-15','2020-05-15'),
 (1924,36,92,'2020-05-01','2020-05-15','2020-05-15'),
 (1925,122,52,'2020-05-02','2020-05-16','2020-05-16'),
 (1926,167,10,'2020-05-03','2020-05-17','2020-05-17'),
 (1927,110,55,'2020-05-03','2020-05-17','2020-05-17'),
 (1928,31,70,'2020-05-04','2020-05-18','2020-05-18'),
 (1929,82,13,'2020-05-05','2020-05-19','2020-05-19'),
 (1930,128,58,'2020-05-05','2020-05-19','2020-05-19'),
 (1931,43,29,'2020-05-06','2020-05-20','2020-05-20'),
 (1932,167,4,'2020-05-07','2020-05-21','2020-05-21'),
 (1933,127,1,'2020-05-07','2020-05-21','2020-05-21'),
 (1934,183,55,'2020-05-08','2020-05-22','2020-05-22'),
 (1935,1,89,'2020-05-10','2020-05-24','2020-05-24'),
 (1936,13,36,'2020-05-11','2020-05-25','2020-05-25'),
 (1937,114,96,'2020-05-11','2020-05-25','2020-05-25'),
 (1938,94,5,'2020-05-11','2020-05-25','2020-05-25'),
 (1939,14,55,'2020-05-12','2020-05-26','2020-05-26'),
 (1940,115,34,'2020-05-13','2020-05-27','2020-05-27'),
 (1941,39,30,'2020-05-14','2020-05-28','2020-05-28'),
 (1942,153,9,'2020-05-15','2020-05-29','2020-05-29'),
 (1943,123,95,'2020-05-15','2020-05-29','2020-05-29'),
 (1944,51,52,'2020-05-15','2020-05-29','2020-05-29'),
 (1945,21,93,'2020-05-15','2020-05-29','2020-05-29'),
 (1946,7,57,'2020-05-16','2020-05-30','2020-05-30'),
 (1947,116,16,'2020-05-17','2020-05-31','2020-05-31'),
 (1948,181,52,'2020-05-17','2020-05-31',NULL),
 (1949,182,49,'2020-05-18','2020-06-01','2020-06-01'),
 (1950,150,62,'2020-05-20','2020-06-03','2020-06-03'),
 (1951,105,52,'2020-05-20','2020-06-03','2020-06-03'),
 (1952,169,46,'2020-05-21','2020-06-04','2020-06-04'),
 (1953,60,36,'2020-05-23','2020-06-06','2020-06-06'),
 (1954,137,73,'2020-05-23','2020-06-06','2020-06-06'),
 (1955,132,68,'2020-05-26','2020-06-09','2020-06-09'),
 (1956,176,90,'2020-05-30','2020-06-13','2020-06-13'),
 (1957,175,100,'2020-05-30','2020-06-13','2020-06-13'),
 (1958,44,64,'2020-05-31','2020-06-14','2020-06-14'),
 (1959,13,39,'2020-05-31','2020-06-14','2020-06-14'),
 (1960,20,39,'2020-06-01','2020-06-15','2020-06-15'),
 (1961,97,22,'2020-06-03','2020-06-17','2020-06-17'),
 (1962,186,99,'2020-06-04','2020-06-18','2020-06-18'),
 (1963,43,80,'2020-06-05','2020-06-19','2020-06-19'),
 (1964,125,52,'2020-06-05','2020-06-19','2020-06-19'),
 (1965,7,9,'2020-06-05','2020-06-19','2020-06-19'),
 (1966,50,39,'2020-06-07','2020-06-21','2020-06-21'),
 (1967,140,93,'2020-06-07','2020-06-21','2020-06-21'),
 (1968,113,39,'2020-06-08','2020-06-22','2020-06-22'),
 (1969,36,8,'2020-06-08','2020-06-22','2020-06-22'),
 (1970,153,27,'2020-06-09','2020-06-23','2020-06-23'),
 (1971,159,77,'2020-06-11','2020-06-25','2020-06-25'),
 (1972,153,86,'2020-06-13','2020-06-27','2020-06-27'),
 (1973,52,91,'2020-06-13','2020-06-27','2020-06-27'),
 (1974,94,49,'2020-06-13','2020-06-27','2020-06-27'),
 (1975,2,89,'2020-06-13','2020-06-27','2020-06-27'),
 (1976,114,66,'2020-06-13','2020-06-27','2020-06-27'),
 (1977,157,1,'2020-06-14','2020-06-28','2020-06-28'),
 (1978,14,28,'2020-06-14','2020-06-28','2020-06-28'),
 (1979,152,29,'2020-06-16','2020-06-30','2020-06-30'),
 (1980,102,35,'2020-06-16','2020-06-30','2020-06-30'),
 (1981,37,12,'2020-06-16','2020-06-30','2020-06-30'),
 (1982,199,29,'2020-06-16','2020-06-30','2020-06-30'),
 (1983,127,88,'2020-06-17','2020-07-01',NULL),
 (1984,154,77,'2020-06-18','2020-07-02',NULL),
 (1985,182,55,'2020-06-18','2020-07-02',NULL),
 (1986,89,15,'2020-06-18','2020-07-02',NULL),
 (1987,95,100,'2020-06-21','2020-07-05',NULL),
 (1988,119,28,'2020-06-21','2020-07-05',NULL),
 (1989,96,6,'2020-06-22','2020-07-06',NULL),
 (1990,156,48,'2020-06-24','2020-07-08',NULL),
 (1991,105,65,'2020-06-25','2020-07-09',NULL),
 (1992,46,59,'2020-06-25','2020-07-09',NULL),
 (1993,35,89,'2020-06-27','2020-07-11',NULL),
 (1994,130,27,'2020-06-28','2020-07-12',NULL),
 (1995,168,54,'2020-06-28','2020-07-12',NULL),
 (1996,10,99,'2020-06-29','2020-07-13',NULL),
 (1997,155,47,'2020-06-29','2020-07-13',NULL),
 (1998,169,18,'2020-06-29','2020-07-13',NULL),
 (1999,73,59,'2020-06-29','2020-07-13',NULL),
 (2000,91,9,'2020-06-30','2020-07-14',NULL);
COMMIT;
